track,date,label,precision,source
russia,2022-02-24,Full-scale invasion of Ukraine,day,https://en.wikipedia.org/wiki/Russian_invasion_of_Ukraine
russia,2022-02-27,Putin puts nuclear forces on high alert,day,https://en.wikipedia.org/wiki/Nuclear_risk_during_the_Russo-Ukrainian_war_(2022%E2%80%93present)
russia,2022-09-21,Mobilization of reservists,day,https://en.wikipedia.org/wiki/2022_Russian_mobilization
russia,2022-09-30,Russia declares four Ukrainian regions annexed,day,"https://en.wikipedia.org/wiki/Russian_annexation_of_Donetsk,_Kherson,_Luhansk_and_Zaporizhzhia_oblasts"
russia,2023-02-21,Russia suspends the New START nuclear treaty,day,https://en.wikipedia.org/wiki/Nuclear_risk_during_the_Russo-Ukrainian_war_(2022%E2%80%93present)
russia,2023-03-25,Putin plans nuclear weapons in Belarus,day,https://en.wikipedia.org/wiki/Nuclear_risk_during_the_Russo-Ukrainian_war_(2022%E2%80%93present)
russia,2024-02-29,Putin warns the West of nuclear war,day,https://en.wikipedia.org/wiki/Nuclear_risk_during_the_Russo-Ukrainian_war_(2022%E2%80%93present)
russia,2024-10-25,North Korean troops reach Kursk region,day,https://en.wikipedia.org/wiki/North_Korean_involvement_in_the_Russian_invasion_of_Ukraine
russia,2024-11-19,New doctrine lowers the nuclear threshold,day,https://en.wikipedia.org/wiki/Nuclear_risk_during_the_Russo-Ukrainian_war_(2022%E2%80%93present)
russia,2024-11-21,First Oreshnik missile hits Dnipro,day,https://en.wikipedia.org/wiki/Oreshnik_(missile)
russia,2025-09-09,Russian drones enter Poland,day,https://en.wikipedia.org/wiki/2025_Russian_drone_incursion_into_Poland
russia,2025-10-21,Nuclear-powered Burevestnik missile test,day,https://en.wikipedia.org/wiki/9M730_Burevestnik
russia,2025-12-30,Oreshnik on combat duty in Belarus,day,https://en.wikipedia.org/wiki/Oreshnik_(missile)
russia,2026-01-08,Oreshnik hits Lviv,day,https://en.wikipedia.org/wiki/Oreshnik_(missile)
russia,2026-05-24,Two Oreshniks and 600 drones in one night,day,https://en.wikipedia.org/wiki/Oreshnik_(missile)
iran,2024-04-13,Iran's first direct attack on Israel,day,https://en.wikipedia.org/wiki/April_2024_Iranian_strikes_on_Israel
iran,2024-10-01,Iran fires about 200 missiles at Israel,day,https://en.wikipedia.org/wiki/October_2024_Iranian_strikes_on_Israel
iran,2025-06-22,US bombs Iran's nuclear sites,day,https://en.wikipedia.org/wiki/2025_United_States_strikes_on_Iranian_nuclear_sites
china,2022-08-04,Largest drills around Taiwan to date,day,https://en.wikipedia.org/wiki/2022_Chinese_military_exercises_around_Taiwan
china,2023-02-15,Chinese dual-use goods reach Russian arms makers (WSJ),month,https://en.wikipedia.org/wiki/Support_for_Russia_in_the_Russo-Ukrainian_war
china,2023-04-08,Joint Sword drills around Taiwan,day,https://en.wikipedia.org/wiki/Joint_Sword_(2023)
china,2024-05-23,Joint Sword-2024A drills,day,https://en.wikipedia.org/wiki/Joint_Sword-2024A
china,2024-07-15,NATO calls China a decisive enabler of Russia's war,month,https://en.wikipedia.org/wiki/Support_for_Russia_in_the_Russo-Ukrainian_war
china,2024-10-14,Joint Sword-2024B drills,day,https://en.wikipedia.org/wiki/Joint_Sword-2024B
china,2024-10-16,Evidence of Chinese attack drones for Russia,month,https://en.wikipedia.org/wiki/Support_for_Russia_in_the_Russo-Ukrainian_war
china,2025-04-01,Strait Thunder-2025A drills,day,https://en.wikipedia.org/wiki/Strait_Thunder-2025A
china,2025-04-15,Ukraine sanctions Chinese makers of Iskander parts,month,https://en.wikipedia.org/wiki/Support_for_Russia_in_the_Russo-Ukrainian_war
china,2025-12-29,Justice Mission-2025 drills,day,https://en.wikipedia.org/wiki/Justice_Mission-2025
