# Derived from 'Massive Missile Attacks on Ukraine' by piterfm (https://www.kaggle.com/datasets/piterfm/massive-missile-attacks-on-ukraine), CC BY-NC-SA 4.0. Same licence applies.
month,drones,missiles,partial,total
2023-01,117,96,False,213
2023-02,48,145,False,193
2023-03,90,91,False,181
2023-04,94,23,False,117
2023-05,467,200,False,667
2023-06,244,203,False,447
2023-07,297,136,False,433
2023-08,183,141,False,324
2023-09,520,101,False,621
2023-10,307,40,False,347
2023-11,387,45,False,432
2023-12,641,199,False,840
2024-01,393,284,False,677
2024-02,400,123,False,523
2024-03,579,270,False,849
2024-04,347,158,False,505
2024-05,427,128,False,555
2024-06,438,152,False,590
2024-07,601,123,False,724
2024-08,888,228,False,1116
2024-09,1407,145,False,1552
2024-10,2010,110,False,2120
2024-11,2516,270,False,2786
2024-12,1881,234,False,2115
2025-01,2727,123,False,2850
2025-02,4034,73,False,4107
2025-03,4154,92,False,4246
2025-04,2760,130,False,2890
2025-05,4445,129,False,4574
2025-06,5132,242,False,5374
2025-07,6480,208,False,6688
2025-08,4301,161,False,4462
2025-09,5828,192,False,6020
2025-10,5663,269,False,5932
2025-11,5585,217,False,5802
2025-12,5649,181,False,5830
2026-01,4838,141,False,4979
2026-02,5732,298,False,6030
2026-03,7889,146,False,8035
2026-04,8043,144,False,8187
2026-05,9881,217,False,10098
2026-06,7709,195,False,7904
2026-07,7056,463,False,7519
2026-08,7025,199,False,7224
2026-09,8033,92,False,8125
2026-10,521,1,True,522
