chokepoint,month,ships_per_day,vs_2025,avg_2025
Strait of Hormuz,2025-01-01,70.5,0.825,85.5
Strait of Hormuz,2025-02-01,73.9,0.864,85.5
Strait of Hormuz,2025-03-01,83.8,0.979,85.5
Strait of Hormuz,2025-04-01,102.4,1.197,85.5
Strait of Hormuz,2025-05-01,103.0,1.204,85.5
Strait of Hormuz,2025-06-01,102.2,1.195,85.5
Strait of Hormuz,2025-07-01,95.2,1.113,85.5
Strait of Hormuz,2025-08-01,94.5,1.105,85.5
Strait of Hormuz,2025-09-01,87.9,1.028,85.5
Strait of Hormuz,2025-10-01,89.4,1.045,85.5
Strait of Hormuz,2025-11-01,67.4,0.788,85.5
Strait of Hormuz,2025-12-01,55.5,0.649,85.5
Strait of Hormuz,2026-01-01,58.5,0.683,85.5
Strait of Hormuz,2026-02-01,78.3,0.915,85.5
Strait of Hormuz,2026-03-01,3.2,0.037,85.5
Strait of Hormuz,2026-04-01,7.1,0.083,85.5
Strait of Hormuz,2026-05-01,3.9,0.046,85.5
Strait of Hormuz,2026-06-01,12.9,0.151,85.5
Strait of Hormuz,2026-07-01,10.2,0.119,85.5
Strait of Hormuz,2026-08-01,4.7,0.055,85.5
Strait of Hormuz,2026-09-01,3.6,0.042,85.5
Strait of Hormuz,2026-10-01,2.5,0.029,85.5
Suez Canal,2025-01-01,37.1,0.963,38.5
Suez Canal,2025-02-01,34.1,0.886,38.5
Suez Canal,2025-03-01,37.3,0.967,38.5
Suez Canal,2025-04-01,37.0,0.961,38.5
Suez Canal,2025-05-01,37.0,0.96,38.5
Suez Canal,2025-06-01,36.7,0.951,38.5
Suez Canal,2025-07-01,38.0,0.986,38.5
Suez Canal,2025-08-01,38.6,1.003,38.5
Suez Canal,2025-09-01,42.1,1.091,38.5
Suez Canal,2025-10-01,41.3,1.072,38.5
Suez Canal,2025-11-01,42.9,1.114,38.5
Suez Canal,2025-12-01,40.1,1.039,38.5
Suez Canal,2026-01-01,39.1,1.013,38.5
Suez Canal,2026-02-01,41.4,1.073,38.5
Suez Canal,2026-03-01,41.0,1.064,38.5
Suez Canal,2026-04-01,42.1,1.093,38.5
Suez Canal,2026-05-01,39.1,1.014,38.5
Suez Canal,2026-06-01,40.4,1.048,38.5
Suez Canal,2026-07-01,41.9,1.086,38.5
Suez Canal,2026-08-01,41.0,1.064,38.5
Suez Canal,2026-09-01,40.4,1.048,38.5
Suez Canal,2026-10-01,47.2,1.226,38.5
Bab el-Mandeb,2025-01-01,32.2,0.963,33.5
Bab el-Mandeb,2025-02-01,32.0,0.956,33.5
Bab el-Mandeb,2025-03-01,32.9,0.984,33.5
Bab el-Mandeb,2025-04-01,32.8,0.981,33.5
Bab el-Mandeb,2025-05-01,33.1,0.99,33.5
Bab el-Mandeb,2025-06-01,31.7,0.948,33.5
Bab el-Mandeb,2025-07-01,31.2,0.933,33.5
Bab el-Mandeb,2025-08-01,35.0,1.047,33.5
Bab el-Mandeb,2025-09-01,33.9,1.014,33.5
Bab el-Mandeb,2025-10-01,36.1,1.078,33.5
Bab el-Mandeb,2025-11-01,37.8,1.128,33.5
Bab el-Mandeb,2025-12-01,32.7,0.977,33.5
Bab el-Mandeb,2026-01-01,33.5,1.001,33.5
Bab el-Mandeb,2026-02-01,36.8,1.099,33.5
Bab el-Mandeb,2026-03-01,35.5,1.062,33.5
Bab el-Mandeb,2026-04-01,36.7,1.097,33.5
Bab el-Mandeb,2026-05-01,36.1,1.078,33.5
Bab el-Mandeb,2026-06-01,36.6,1.094,33.5
Bab el-Mandeb,2026-07-01,33.6,1.005,33.5
Bab el-Mandeb,2026-08-01,27.4,0.817,33.5
Bab el-Mandeb,2026-09-01,26.6,0.794,33.5
Bab el-Mandeb,2026-10-01,29.5,0.881,33.5
Cape of Good Hope,2025-01-01,84.4,0.943,89.5
Cape of Good Hope,2025-02-01,87.9,0.982,89.5
Cape of Good Hope,2025-03-01,80.7,0.902,89.5
Cape of Good Hope,2025-04-01,84.1,0.94,89.5
Cape of Good Hope,2025-05-01,89.4,1.0,89.5
Cape of Good Hope,2025-06-01,91.9,1.027,89.5
Cape of Good Hope,2025-07-01,96.4,1.078,89.5
Cape of Good Hope,2025-08-01,98.1,1.097,89.5
Cape of Good Hope,2025-09-01,94.4,1.056,89.5
Cape of Good Hope,2025-10-01,94.1,1.051,89.5
Cape of Good Hope,2025-11-01,87.2,0.974,89.5
Cape of Good Hope,2025-12-01,84.7,0.947,89.5
Cape of Good Hope,2026-01-01,87.7,0.98,89.5
Cape of Good Hope,2026-02-01,87.0,0.973,89.5
Cape of Good Hope,2026-03-01,91.3,1.02,89.5
Cape of Good Hope,2026-04-01,92.8,1.037,89.5
Cape of Good Hope,2026-05-01,96.9,1.084,89.5
Cape of Good Hope,2026-06-01,92.8,1.037,89.5
Cape of Good Hope,2026-07-01,91.5,1.023,89.5
Cape of Good Hope,2026-08-01,90.3,1.01,89.5
Cape of Good Hope,2026-09-01,86.1,0.963,89.5
Cape of Good Hope,2026-10-01,92.2,1.031,89.5
