ticker,label,date,close,index
AVAV,AeroVironment,2025-05-30,178.03,100.0
AVAV,AeroVironment,2025-06-02,180.41,101.3
AVAV,AeroVironment,2025-06-03,186.16,104.6
AVAV,AeroVironment,2025-06-04,183.48,103.1
AVAV,AeroVironment,2025-06-05,186.59,104.8
AVAV,AeroVironment,2025-06-06,190.89,107.2
AVAV,AeroVironment,2025-06-09,195.72,109.9
AVAV,AeroVironment,2025-06-10,189.62,106.5
AVAV,AeroVironment,2025-06-11,189.52,106.5
AVAV,AeroVironment,2025-06-12,190.12,106.8
AVAV,AeroVironment,2025-06-13,195.1,109.6
AVAV,AeroVironment,2025-06-16,186.67,104.9
AVAV,AeroVironment,2025-06-17,188.73,106.0
AVAV,AeroVironment,2025-06-18,190.04,106.7
AVAV,AeroVironment,2025-06-20,189.65,106.5
AVAV,AeroVironment,2025-06-23,191.23,107.4
AVAV,AeroVironment,2025-06-24,193.28,108.6
AVAV,AeroVironment,2025-06-25,234.94,132.0
AVAV,AeroVironment,2025-06-26,272.37,153.0
AVAV,AeroVironment,2025-06-27,278.07,156.2
AVAV,AeroVironment,2025-06-30,284.95,160.1
AVAV,AeroVironment,2025-07-01,252.4,141.8
AVAV,AeroVironment,2025-07-02,246.25,138.3
AVAV,AeroVironment,2025-07-03,246.23,138.3
AVAV,AeroVironment,2025-07-07,240.74,135.2
AVAV,AeroVironment,2025-07-08,237.07,133.2
AVAV,AeroVironment,2025-07-09,236.77,133.0
AVAV,AeroVironment,2025-07-10,237.57,133.4
AVAV,AeroVironment,2025-07-11,263.8,148.2
AVAV,AeroVironment,2025-07-14,265.0,148.9
AVAV,AeroVironment,2025-07-15,263.89,148.2
AVAV,AeroVironment,2025-07-16,268.92,151.1
AVAV,AeroVironment,2025-07-17,278.56,156.5
AVAV,AeroVironment,2025-07-18,274.03,153.9
AVAV,AeroVironment,2025-07-21,272.18,152.9
AVAV,AeroVironment,2025-07-22,262.48,147.4
AVAV,AeroVironment,2025-07-23,272.8,153.2
AVAV,AeroVironment,2025-07-24,271.2,152.3
AVAV,AeroVironment,2025-07-25,272.88,153.3
AVAV,AeroVironment,2025-07-28,270.63,152.0
AVAV,AeroVironment,2025-07-29,268.39,150.8
AVAV,AeroVironment,2025-07-30,267.8,150.4
AVAV,AeroVironment,2025-07-31,267.64,150.3
AVAV,AeroVironment,2025-08-01,260.07,146.1
AVAV,AeroVironment,2025-08-04,267.95,150.5
AVAV,AeroVironment,2025-08-05,264.75,148.7
AVAV,AeroVironment,2025-08-06,263.1,147.8
AVAV,AeroVironment,2025-08-07,259.61,145.8
AVAV,AeroVironment,2025-08-08,247.45,139.0
AVAV,AeroVironment,2025-08-11,244.44,137.3
AVAV,AeroVironment,2025-08-12,250.49,140.7
AVAV,AeroVironment,2025-08-13,254.81,143.1
AVAV,AeroVironment,2025-08-14,249.73,140.3
AVAV,AeroVironment,2025-08-15,246.65,138.5
AVAV,AeroVironment,2025-08-18,247.13,138.8
AVAV,AeroVironment,2025-08-19,235.18,132.1
AVAV,AeroVironment,2025-08-20,232.24,130.4
AVAV,AeroVironment,2025-08-21,235.07,132.0
AVAV,AeroVironment,2025-08-22,239.84,134.7
AVAV,AeroVironment,2025-08-25,241.15,135.5
AVAV,AeroVironment,2025-08-26,245.9,138.1
AVAV,AeroVironment,2025-08-27,247.47,139.0
AVAV,AeroVironment,2025-08-28,248.93,139.8
AVAV,AeroVironment,2025-08-29,241.35,135.6
AVAV,AeroVironment,2025-09-02,240.02,134.8
AVAV,AeroVironment,2025-09-03,238.23,133.8
AVAV,AeroVironment,2025-09-04,226.76,127.4
AVAV,AeroVironment,2025-09-05,226.08,127.0
AVAV,AeroVironment,2025-09-08,236.91,133.1
AVAV,AeroVironment,2025-09-09,230.99,129.7
AVAV,AeroVironment,2025-09-10,247.05,138.8
AVAV,AeroVironment,2025-09-11,241.81,135.8
AVAV,AeroVironment,2025-09-12,243.0,136.5
AVAV,AeroVironment,2025-09-15,251.04,141.0
AVAV,AeroVironment,2025-09-16,265.87,149.3
AVAV,AeroVironment,2025-09-17,272.07,152.8
AVAV,AeroVironment,2025-09-18,283.43,159.2
AVAV,AeroVironment,2025-09-19,278.55,156.5
AVAV,AeroVironment,2025-09-22,288.08,161.8
AVAV,AeroVironment,2025-09-23,298.61,167.7
AVAV,AeroVironment,2025-09-24,301.52,169.4
AVAV,AeroVironment,2025-09-25,301.79,169.5
AVAV,AeroVironment,2025-09-26,301.2,169.2
AVAV,AeroVironment,2025-09-29,308.69,173.4
AVAV,AeroVironment,2025-09-30,314.89,176.9
AVAV,AeroVironment,2025-10-01,346.08,194.4
AVAV,AeroVironment,2025-10-02,360.28,202.4
AVAV,AeroVironment,2025-10-03,374.64,210.4
AVAV,AeroVironment,2025-10-06,391.88,220.1
AVAV,AeroVironment,2025-10-07,395.13,221.9
AVAV,AeroVironment,2025-10-08,407.51,228.9
AVAV,AeroVironment,2025-10-09,398.29,223.7
AVAV,AeroVironment,2025-10-10,392.29,220.4
AVAV,AeroVironment,2025-10-13,409.83,230.2
AVAV,AeroVironment,2025-10-14,401.63,225.6
AVAV,AeroVironment,2025-10-15,384.69,216.1
AVAV,AeroVironment,2025-10-16,374.1,210.1
AVAV,AeroVironment,2025-10-17,350.59,196.9
AVAV,AeroVironment,2025-10-20,364.04,204.5
AVAV,AeroVironment,2025-10-21,377.18,211.9
AVAV,AeroVironment,2025-10-22,355.18,199.5
AVAV,AeroVironment,2025-10-23,364.28,204.6
AVAV,AeroVironment,2025-10-24,378.54,212.6
AVAV,AeroVironment,2025-10-27,380.13,213.5
AVAV,AeroVironment,2025-10-28,379.93,213.4
AVAV,AeroVironment,2025-10-29,380.65,213.8
AVAV,AeroVironment,2025-10-30,365.83,205.5
AVAV,AeroVironment,2025-10-31,369.91,207.8
AVAV,AeroVironment,2025-11-03,367.88,206.6
AVAV,AeroVironment,2025-11-04,365.08,205.1
AVAV,AeroVironment,2025-11-05,350.7,197.0
AVAV,AeroVironment,2025-11-06,328.23,184.4
AVAV,AeroVironment,2025-11-07,329.65,185.2
AVAV,AeroVironment,2025-11-10,333.87,187.5
AVAV,AeroVironment,2025-11-11,328.09,184.3
AVAV,AeroVironment,2025-11-12,323.32,181.6
AVAV,AeroVironment,2025-11-13,295.49,166.0
AVAV,AeroVironment,2025-11-14,291.21,163.6
AVAV,AeroVironment,2025-11-17,283.66,159.3
AVAV,AeroVironment,2025-11-18,280.95,157.8
AVAV,AeroVironment,2025-11-19,280.43,157.5
AVAV,AeroVironment,2025-11-20,273.98,153.9
AVAV,AeroVironment,2025-11-21,272.54,153.1
AVAV,AeroVironment,2025-11-24,276.99,155.6
AVAV,AeroVironment,2025-11-25,278.47,156.4
AVAV,AeroVironment,2025-11-26,279.19,156.8
AVAV,AeroVironment,2025-11-28,279.46,157.0
AVAV,AeroVironment,2025-12-01,257.8,144.8
AVAV,AeroVironment,2025-12-02,264.95,148.8
AVAV,AeroVironment,2025-12-03,271.78,152.7
AVAV,AeroVironment,2025-12-04,287.45,161.5
AVAV,AeroVironment,2025-12-05,278.39,156.4
AVAV,AeroVironment,2025-12-08,282.47,158.7
AVAV,AeroVironment,2025-12-09,281.42,158.1
AVAV,AeroVironment,2025-12-10,245.25,137.8
AVAV,AeroVironment,2025-12-11,249.75,140.3
AVAV,AeroVironment,2025-12-12,239.0,134.2
AVAV,AeroVironment,2025-12-15,235.32,132.2
AVAV,AeroVironment,2025-12-16,234.65,131.8
AVAV,AeroVironment,2025-12-17,229.1,128.7
AVAV,AeroVironment,2025-12-18,230.69,129.6
AVAV,AeroVironment,2025-12-19,243.01,136.5
AVAV,AeroVironment,2025-12-22,255.39,143.5
AVAV,AeroVironment,2025-12-23,261.15,146.7
AVAV,AeroVironment,2025-12-24,260.7,146.4
AVAV,AeroVironment,2025-12-26,255.0,143.2
AVAV,AeroVironment,2025-12-29,249.15,139.9
AVAV,AeroVironment,2025-12-30,244.0,137.1
AVAV,AeroVironment,2025-12-31,241.89,135.9
AVAV,AeroVironment,2026-01-02,256.19,143.9
AVAV,AeroVironment,2026-01-05,297.41,167.1
AVAV,AeroVironment,2026-01-06,317.03,178.1
AVAV,AeroVironment,2026-01-07,318.48,178.9
AVAV,AeroVironment,2026-01-08,344.96,193.8
AVAV,AeroVironment,2026-01-09,364.99,205.0
AVAV,AeroVironment,2026-01-12,370.68,208.2
AVAV,AeroVironment,2026-01-13,363.86,204.4
AVAV,AeroVironment,2026-01-14,381.8,214.5
AVAV,AeroVironment,2026-01-15,378.57,212.6
AVAV,AeroVironment,2026-01-16,392.86,220.7
AVAV,AeroVironment,2026-01-20,330.89,185.9
AVAV,AeroVironment,2026-01-21,319.63,179.5
AVAV,AeroVironment,2026-01-22,312.12,175.3
AVAV,AeroVironment,2026-01-23,307.75,172.9
AVAV,AeroVironment,2026-01-26,302.67,170.0
AVAV,AeroVironment,2026-01-27,309.57,173.9
AVAV,AeroVironment,2026-01-28,306.94,172.4
AVAV,AeroVironment,2026-01-29,293.22,164.7
AVAV,AeroVironment,2026-01-30,278.39,156.4
AVAV,AeroVironment,2026-02-02,269.99,151.7
AVAV,AeroVironment,2026-02-03,285.41,160.3
AVAV,AeroVironment,2026-02-04,257.3,144.5
AVAV,AeroVironment,2026-02-05,236.88,133.1
AVAV,AeroVironment,2026-02-06,257.2,144.5
AVAV,AeroVironment,2026-02-09,274.35,154.1
AVAV,AeroVironment,2026-02-10,263.26,147.9
AVAV,AeroVironment,2026-02-11,243.42,136.7
AVAV,AeroVironment,2026-02-12,235.12,132.1
AVAV,AeroVironment,2026-02-13,243.87,137.0
AVAV,AeroVironment,2026-02-17,262.99,147.7
AVAV,AeroVironment,2026-02-18,265.46,149.1
AVAV,AeroVironment,2026-02-19,281.67,158.2
AVAV,AeroVironment,2026-02-20,264.63,148.6
AVAV,AeroVironment,2026-02-23,261.33,146.8
AVAV,AeroVironment,2026-02-24,262.25,147.3
AVAV,AeroVironment,2026-02-25,255.22,143.4
AVAV,AeroVironment,2026-02-26,259.62,145.8
AVAV,AeroVironment,2026-02-27,252.25,141.7
AVAV,AeroVironment,2026-03-02,208.32,117.0
AVAV,AeroVironment,2026-03-03,228.3,128.2
AVAV,AeroVironment,2026-03-04,226.48,127.2
AVAV,AeroVironment,2026-03-05,220.56,123.9
AVAV,AeroVironment,2026-03-06,229.8,129.1
AVAV,AeroVironment,2026-03-09,227.29,127.7
AVAV,AeroVironment,2026-03-10,221.57,124.5
AVAV,AeroVironment,2026-03-11,207.73,116.7
AVAV,AeroVironment,2026-03-12,211.88,119.0
AVAV,AeroVironment,2026-03-13,207.07,116.3
AVAV,AeroVironment,2026-03-16,211.88,119.0
AVAV,AeroVironment,2026-03-17,222.51,125.0
AVAV,AeroVironment,2026-03-18,215.85,121.2
AVAV,AeroVironment,2026-03-19,211.35,118.7
AVAV,AeroVironment,2026-03-20,197.72,111.1
AVAV,AeroVironment,2026-03-23,206.27,115.9
AVAV,AeroVironment,2026-03-24,196.18,110.2
AVAV,AeroVironment,2026-03-25,199.02,111.8
AVAV,AeroVironment,2026-03-26,195.91,110.0
AVAV,AeroVironment,2026-03-27,184.43,103.6
AVAV,AeroVironment,2026-03-30,176.97,99.4
AVAV,AeroVironment,2026-03-31,183.05,102.8
AVAV,AeroVironment,2026-04-01,183.5,103.1
AVAV,AeroVironment,2026-04-02,184.36,103.6
AVAV,AeroVironment,2026-04-06,189.26,106.3
AVAV,AeroVironment,2026-04-07,186.85,105.0
AVAV,AeroVironment,2026-04-08,186.94,105.0
AVAV,AeroVironment,2026-04-09,177.7,99.8
AVAV,AeroVironment,2026-04-10,179.72,100.9
AVAV,AeroVironment,2026-04-13,194.39,109.2
AVAV,AeroVironment,2026-04-14,194.52,109.3
AVAV,AeroVironment,2026-04-15,198.42,111.5
AVAV,AeroVironment,2026-04-16,201.99,113.5
AVAV,AeroVironment,2026-04-17,191.42,107.5
AVAV,AeroVironment,2026-04-20,197.23,110.8
AVAV,AeroVironment,2026-04-21,210.07,118.0
AVAV,AeroVironment,2026-04-22,210.1,118.0
AVAV,AeroVironment,2026-04-23,201.91,113.4
AVAV,AeroVironment,2026-04-24,196.28,110.3
AVAV,AeroVironment,2026-04-27,195.74,109.9
AVAV,AeroVironment,2026-04-28,192.34,108.0
AVAV,AeroVironment,2026-04-29,183.5,103.1
AVAV,AeroVironment,2026-04-30,195.02,109.5
AVAV,AeroVironment,2026-05-01,184.97,103.9
AVAV,AeroVironment,2026-05-04,180.26,101.3
AVAV,AeroVironment,2026-05-05,166.69,93.6
AVAV,AeroVironment,2026-05-06,174.37,97.9
AVAV,AeroVironment,2026-05-07,168.18,94.5
AVAV,AeroVironment,2026-05-08,168.29,94.5
AVAV,AeroVironment,2026-05-11,166.45,93.5
AVAV,AeroVironment,2026-05-12,168.86,94.8
AVAV,AeroVironment,2026-05-13,160.99,90.4
AVAV,AeroVironment,2026-05-14,165.27,92.8
AVAV,AeroVironment,2026-05-15,158.0,88.7
AVAV,AeroVironment,2026-05-18,161.52,90.7
AVAV,AeroVironment,2026-05-19,160.23,90.0
AVAV,AeroVironment,2026-05-20,163.87,92.0
AVAV,AeroVironment,2026-05-21,163.09,91.6
AVAV,AeroVironment,2026-05-22,174.23,97.9
AVAV,AeroVironment,2026-05-26,182.26,102.4
AVAV,AeroVironment,2026-05-27,181.28,101.8
AVAV,AeroVironment,2026-05-28,214.39,120.4
AVAV,AeroVironment,2026-05-29,207.24,116.4
AVAV,AeroVironment,2026-06-01,204.09,114.6
AVAV,AeroVironment,2026-06-02,204.35,114.8
AVAV,AeroVironment,2026-06-03,191.47,107.5
AVAV,AeroVironment,2026-06-04,204.4,114.8
AVAV,AeroVironment,2026-06-05,185.92,104.4
AVAV,AeroVironment,2026-06-08,184.68,103.7
AVAV,AeroVironment,2026-06-09,176.51,99.1
AVAV,AeroVironment,2026-06-10,172.93,97.1
AVAV,AeroVironment,2026-06-11,183.69,103.2
AVAV,AeroVironment,2026-06-12,170.58,95.8
AVAV,AeroVironment,2026-06-15,171.95,96.6
AVAV,AeroVironment,2026-06-16,166.71,93.6
AVAV,AeroVironment,2026-06-17,167.11,93.9
AVAV,AeroVironment,2026-06-18,169.61,95.3
AVAV,AeroVironment,2026-06-22,151.33,85.0
AVAV,AeroVironment,2026-06-23,149.08,83.7
AVAV,AeroVironment,2026-06-24,142.18,79.9
AVAV,AeroVironment,2026-06-25,136.68,76.8
AVAV,AeroVironment,2026-06-26,137.95,77.5
AVAV,AeroVironment,2026-06-29,139.0,78.1
AVAV,AeroVironment,2026-06-30,165.07,92.7
AVAV,AeroVironment,2026-07-01,172.44,96.9
AVAV,AeroVironment,2026-07-02,190.89,107.2
AVAV,AeroVironment,2026-07-06,176.84,99.3
AVAV,AeroVironment,2026-07-07,162.53,91.3
AVAV,AeroVironment,2026-07-08,157.78,88.6
AVAV,AeroVironment,2026-07-09,148.4,83.4
AVAV,AeroVironment,2026-07-10,144.58,81.2
AVAV,AeroVironment,2026-07-13,141.8,79.6
AVAV,AeroVironment,2026-07-14,143.47,80.6
AVAV,AeroVironment,2026-07-15,141.22,79.3
AVAV,AeroVironment,2026-07-16,149.29,83.9
AVAV,AeroVironment,2026-07-17,142.2,79.9
AVAV,AeroVironment,2026-07-20,142.6,80.1
AVAV,AeroVironment,2026-07-21,148.84,83.6
AVAV,AeroVironment,2026-07-22,150.35,84.5
AVAV,AeroVironment,2026-07-23,158.73,89.2
AVAV,AeroVironment,2026-07-24,149.51,84.0
AVAV,AeroVironment,2026-07-27,154.24,86.6
AVAV,AeroVironment,2026-07-28,156.35,87.8
AVAV,AeroVironment,2026-07-29,142.12,79.8
AVAV,AeroVironment,2026-07-30,146.57,82.3
AVAV,AeroVironment,2026-07-31,149.37,83.9
AVAV,AeroVironment,2026-08-03,159.18,89.4
AVAV,AeroVironment,2026-08-04,169.02,94.9
AVAV,AeroVironment,2026-08-05,168.06,94.4
AVAV,AeroVironment,2026-08-06,171.12,96.1
AVAV,AeroVironment,2026-08-07,186.73,104.9
AVAV,AeroVironment,2026-08-10,189.15,106.2
AVAV,AeroVironment,2026-08-11,196.02,110.1
AVAV,AeroVironment,2026-08-12,193.81,108.9
AVAV,AeroVironment,2026-08-13,189.43,106.4
AVAV,AeroVironment,2026-08-14,192.81,108.3
AVAV,AeroVironment,2026-08-17,181.13,101.7
AVAV,AeroVironment,2026-08-18,174.14,97.8
AVAV,AeroVironment,2026-08-19,172.74,97.0
AVAV,AeroVironment,2026-08-20,159.79,89.8
AVAV,AeroVironment,2026-08-21,160.22,90.0
AVAV,AeroVironment,2026-08-24,148.2,83.2
AVAV,AeroVironment,2026-08-25,147.42,82.8
AVAV,AeroVironment,2026-08-26,146.88,82.5
AVAV,AeroVironment,2026-08-27,152.28,85.5
AVAV,AeroVironment,2026-08-28,147.94,83.1
AVAV,AeroVironment,2026-08-31,148.35,83.3
AVAV,AeroVironment,2026-09-01,144.17,81.0
AVAV,AeroVironment,2026-09-02,145.39,81.7
AVAV,AeroVironment,2026-09-03,147.21,82.7
AVAV,AeroVironment,2026-09-04,144.65,81.3
AVAV,AeroVironment,2026-09-08,148.78,83.6
AVAV,AeroVironment,2026-09-09,140.8,79.1
AVAV,AeroVironment,2026-09-10,147.07,82.6
AVAV,AeroVironment,2026-09-11,146.71,82.4
AVAV,AeroVironment,2026-09-14,153.4,86.2
AVAV,AeroVironment,2026-09-15,156.99,88.2
AVAV,AeroVironment,2026-09-16,156.45,87.9
AVAV,AeroVironment,2026-09-17,163.38,91.8
AVAV,AeroVironment,2026-09-18,159.95,89.8
AVAV,AeroVironment,2026-09-21,160.9,90.4
AVAV,AeroVironment,2026-09-22,156.15,87.7
AVAV,AeroVironment,2026-09-23,155.94,87.6
AVAV,AeroVironment,2026-09-24,158.55,89.1
AVAV,AeroVironment,2026-09-25,152.05,85.4
AVAV,AeroVironment,2026-09-28,147.23,82.7
AVAV,AeroVironment,2026-09-29,143.24,80.5
AVAV,AeroVironment,2026-09-30,142.22,79.9
AVAV,AeroVironment,2026-10-01,140.31,78.8
AVAV,AeroVironment,2026-10-02,140.82,79.1
AVAV,AeroVironment,2026-10-05,139.3,78.2
AVAV,AeroVironment,2026-10-06,143.54,80.6
AVAV,AeroVironment,2026-10-07,138.86,78.0
RCAT,Red Cat,2025-05-30,5.95,100.0
RCAT,Red Cat,2025-06-02,6.46,108.6
RCAT,Red Cat,2025-06-03,6.93,116.5
RCAT,Red Cat,2025-06-04,8.07,135.6
RCAT,Red Cat,2025-06-05,7.32,123.0
RCAT,Red Cat,2025-06-06,8.16,137.1
RCAT,Red Cat,2025-06-09,8.8,147.9
RCAT,Red Cat,2025-06-10,8.59,144.4
RCAT,Red Cat,2025-06-11,8.43,141.7
RCAT,Red Cat,2025-06-12,8.75,147.1
RCAT,Red Cat,2025-06-13,8.34,140.2
RCAT,Red Cat,2025-06-16,9.19,154.5
RCAT,Red Cat,2025-06-17,7.32,123.0
RCAT,Red Cat,2025-06-18,7.3,122.6
RCAT,Red Cat,2025-06-20,6.87,115.5
RCAT,Red Cat,2025-06-23,7.18,120.7
RCAT,Red Cat,2025-06-24,7.14,120.0
RCAT,Red Cat,2025-06-25,7.08,119.0
RCAT,Red Cat,2025-06-26,7.48,125.7
RCAT,Red Cat,2025-06-27,7.17,120.5
RCAT,Red Cat,2025-06-30,7.28,122.4
RCAT,Red Cat,2025-07-01,6.92,116.3
RCAT,Red Cat,2025-07-02,7.14,120.0
RCAT,Red Cat,2025-07-03,7.08,119.0
RCAT,Red Cat,2025-07-07,6.79,114.1
RCAT,Red Cat,2025-07-08,6.9,116.0
RCAT,Red Cat,2025-07-09,6.89,115.8
RCAT,Red Cat,2025-07-10,6.78,113.9
RCAT,Red Cat,2025-07-11,8.57,144.0
RCAT,Red Cat,2025-07-14,10.33,173.6
RCAT,Red Cat,2025-07-15,10.27,172.6
RCAT,Red Cat,2025-07-16,11.46,192.6
RCAT,Red Cat,2025-07-17,12.21,205.2
RCAT,Red Cat,2025-07-18,11.27,189.4
RCAT,Red Cat,2025-07-21,9.41,158.2
RCAT,Red Cat,2025-07-22,8.98,150.9
RCAT,Red Cat,2025-07-23,9.56,160.7
RCAT,Red Cat,2025-07-24,9.9,166.4
RCAT,Red Cat,2025-07-25,9.46,159.0
RCAT,Red Cat,2025-07-28,9.05,152.1
RCAT,Red Cat,2025-07-29,8.24,138.5
RCAT,Red Cat,2025-07-30,8.19,137.6
RCAT,Red Cat,2025-07-31,8.28,139.2
RCAT,Red Cat,2025-08-01,8.2,137.8
RCAT,Red Cat,2025-08-04,8.83,148.4
RCAT,Red Cat,2025-08-05,10.01,168.2
RCAT,Red Cat,2025-08-06,9.48,159.3
RCAT,Red Cat,2025-08-07,9.33,156.8
RCAT,Red Cat,2025-08-08,9.33,156.8
RCAT,Red Cat,2025-08-11,9.36,157.4
RCAT,Red Cat,2025-08-12,9.5,159.7
RCAT,Red Cat,2025-08-13,9.39,157.8
RCAT,Red Cat,2025-08-14,9.37,157.5
RCAT,Red Cat,2025-08-15,8.41,141.3
RCAT,Red Cat,2025-08-18,9.19,154.5
RCAT,Red Cat,2025-08-19,9.01,151.4
RCAT,Red Cat,2025-08-20,8.99,151.1
RCAT,Red Cat,2025-08-21,9.74,163.7
RCAT,Red Cat,2025-08-22,9.82,165.0
RCAT,Red Cat,2025-08-25,10.07,169.2
RCAT,Red Cat,2025-08-26,9.39,157.8
RCAT,Red Cat,2025-08-27,8.98,150.8
RCAT,Red Cat,2025-08-28,9.04,151.9
RCAT,Red Cat,2025-08-29,8.94,150.3
RCAT,Red Cat,2025-09-02,8.88,149.2
RCAT,Red Cat,2025-09-03,8.57,144.0
RCAT,Red Cat,2025-09-04,8.51,143.0
RCAT,Red Cat,2025-09-05,8.52,143.2
RCAT,Red Cat,2025-09-08,8.87,149.1
RCAT,Red Cat,2025-09-09,8.62,144.9
RCAT,Red Cat,2025-09-10,8.52,143.2
RCAT,Red Cat,2025-09-11,11.0,184.9
RCAT,Red Cat,2025-09-12,10.99,184.7
RCAT,Red Cat,2025-09-15,10.52,176.8
RCAT,Red Cat,2025-09-16,10.83,182.0
RCAT,Red Cat,2025-09-17,11.27,189.4
RCAT,Red Cat,2025-09-18,10.04,168.7
RCAT,Red Cat,2025-09-19,10.46,175.8
RCAT,Red Cat,2025-09-22,11.32,190.3
RCAT,Red Cat,2025-09-23,11.77,197.8
RCAT,Red Cat,2025-09-24,10.38,174.5
RCAT,Red Cat,2025-09-25,10.17,170.9
RCAT,Red Cat,2025-09-26,10.14,170.4
RCAT,Red Cat,2025-09-29,10.16,170.8
RCAT,Red Cat,2025-09-30,10.35,173.9
RCAT,Red Cat,2025-10-01,10.47,176.0
RCAT,Red Cat,2025-10-02,11.52,193.6
RCAT,Red Cat,2025-10-03,12.89,216.6
RCAT,Red Cat,2025-10-06,14.58,245.0
RCAT,Red Cat,2025-10-07,14.79,248.6
RCAT,Red Cat,2025-10-08,14.35,241.2
RCAT,Red Cat,2025-10-09,14.66,246.4
RCAT,Red Cat,2025-10-10,13.12,220.5
RCAT,Red Cat,2025-10-13,15.38,258.5
RCAT,Red Cat,2025-10-14,15.26,256.5
RCAT,Red Cat,2025-10-15,14.67,246.6
RCAT,Red Cat,2025-10-16,12.86,216.1
RCAT,Red Cat,2025-10-17,11.74,197.3
RCAT,Red Cat,2025-10-20,11.57,194.5
RCAT,Red Cat,2025-10-21,10.93,183.7
RCAT,Red Cat,2025-10-22,9.99,167.9
RCAT,Red Cat,2025-10-23,10.14,170.4
RCAT,Red Cat,2025-10-24,11.15,187.4
RCAT,Red Cat,2025-10-27,11.47,192.8
RCAT,Red Cat,2025-10-28,11.07,186.1
RCAT,Red Cat,2025-10-29,11.38,191.3
RCAT,Red Cat,2025-10-30,10.56,177.5
RCAT,Red Cat,2025-10-31,11.25,189.1
RCAT,Red Cat,2025-11-03,10.26,172.4
RCAT,Red Cat,2025-11-04,9.48,159.3
RCAT,Red Cat,2025-11-05,9.4,158.0
RCAT,Red Cat,2025-11-06,8.62,144.9
RCAT,Red Cat,2025-11-07,9.28,156.0
RCAT,Red Cat,2025-11-10,9.16,153.9
RCAT,Red Cat,2025-11-11,8.67,145.7
RCAT,Red Cat,2025-11-12,8.56,143.9
RCAT,Red Cat,2025-11-13,7.74,130.1
RCAT,Red Cat,2025-11-14,7.16,120.3
RCAT,Red Cat,2025-11-17,6.77,113.8
RCAT,Red Cat,2025-11-18,7.09,119.2
RCAT,Red Cat,2025-11-19,6.61,111.1
RCAT,Red Cat,2025-11-20,6.14,103.2
RCAT,Red Cat,2025-11-21,6.36,106.9
RCAT,Red Cat,2025-11-24,7.23,121.5
RCAT,Red Cat,2025-11-25,7.28,122.4
RCAT,Red Cat,2025-11-26,7.33,123.2
RCAT,Red Cat,2025-11-28,7.42,124.7
RCAT,Red Cat,2025-12-01,6.97,117.1
RCAT,Red Cat,2025-12-02,6.96,117.0
RCAT,Red Cat,2025-12-03,7.55,126.9
RCAT,Red Cat,2025-12-04,8.32,139.8
RCAT,Red Cat,2025-12-05,8.02,134.8
RCAT,Red Cat,2025-12-08,8.27,139.0
RCAT,Red Cat,2025-12-09,8.61,144.7
RCAT,Red Cat,2025-12-10,8.38,140.8
RCAT,Red Cat,2025-12-11,8.79,147.7
RCAT,Red Cat,2025-12-12,8.04,135.1
RCAT,Red Cat,2025-12-15,7.48,125.7
RCAT,Red Cat,2025-12-16,7.37,123.9
RCAT,Red Cat,2025-12-17,6.89,115.8
RCAT,Red Cat,2025-12-18,7.19,120.8
RCAT,Red Cat,2025-12-19,8.05,135.3
RCAT,Red Cat,2025-12-22,9.22,155.0
RCAT,Red Cat,2025-12-23,9.18,154.3
RCAT,Red Cat,2025-12-24,9.09,152.8
RCAT,Red Cat,2025-12-26,8.3,139.5
RCAT,Red Cat,2025-12-29,7.81,131.3
RCAT,Red Cat,2025-12-30,7.79,130.9
RCAT,Red Cat,2025-12-31,7.93,133.3
RCAT,Red Cat,2026-01-02,9.16,153.9
RCAT,Red Cat,2026-01-05,10.9,183.2
RCAT,Red Cat,2026-01-06,10.82,181.8
RCAT,Red Cat,2026-01-07,10.45,175.6
RCAT,Red Cat,2026-01-08,11.83,198.8
RCAT,Red Cat,2026-01-09,11.7,196.6
RCAT,Red Cat,2026-01-12,11.94,200.7
RCAT,Red Cat,2026-01-13,13.06,219.5
RCAT,Red Cat,2026-01-14,13.66,229.6
RCAT,Red Cat,2026-01-15,14.03,235.8
RCAT,Red Cat,2026-01-16,13.67,229.7
RCAT,Red Cat,2026-01-20,14.41,242.2
RCAT,Red Cat,2026-01-21,15.61,262.4
RCAT,Red Cat,2026-01-22,17.36,291.8
RCAT,Red Cat,2026-01-23,16.06,269.9
RCAT,Red Cat,2026-01-26,14.25,239.5
RCAT,Red Cat,2026-01-27,15.67,263.4
RCAT,Red Cat,2026-01-28,16.38,275.3
RCAT,Red Cat,2026-01-29,14.93,250.9
RCAT,Red Cat,2026-01-30,13.5,226.9
RCAT,Red Cat,2026-02-02,13.63,229.1
RCAT,Red Cat,2026-02-03,14.25,239.5
RCAT,Red Cat,2026-02-04,12.63,212.3
RCAT,Red Cat,2026-02-05,11.31,190.1
RCAT,Red Cat,2026-02-06,12.63,212.3
RCAT,Red Cat,2026-02-09,13.71,230.4
RCAT,Red Cat,2026-02-10,12.62,212.1
RCAT,Red Cat,2026-02-11,12.01,201.8
RCAT,Red Cat,2026-02-12,11.25,189.1
RCAT,Red Cat,2026-02-13,11.37,191.1
RCAT,Red Cat,2026-02-17,11.4,191.6
RCAT,Red Cat,2026-02-18,12.08,203.0
RCAT,Red Cat,2026-02-19,12.83,215.6
RCAT,Red Cat,2026-02-20,12.47,209.6
RCAT,Red Cat,2026-02-23,12.78,214.9
RCAT,Red Cat,2026-02-24,12.88,216.5
RCAT,Red Cat,2026-02-25,12.42,208.7
RCAT,Red Cat,2026-02-26,12.99,218.3
RCAT,Red Cat,2026-02-27,11.65,195.8
RCAT,Red Cat,2026-03-02,13.67,229.7
RCAT,Red Cat,2026-03-03,14.7,247.1
RCAT,Red Cat,2026-03-04,14.73,247.6
RCAT,Red Cat,2026-03-05,15.08,253.4
RCAT,Red Cat,2026-03-06,15.36,258.2
RCAT,Red Cat,2026-03-09,14.1,236.9
RCAT,Red Cat,2026-03-10,14.67,246.6
RCAT,Red Cat,2026-03-11,16.16,271.6
RCAT,Red Cat,2026-03-12,16.16,271.6
RCAT,Red Cat,2026-03-13,15.86,266.6
RCAT,Red Cat,2026-03-16,15.54,261.2
RCAT,Red Cat,2026-03-17,16.97,285.2
RCAT,Red Cat,2026-03-18,17.0,285.7
RCAT,Red Cat,2026-03-19,15.14,254.4
RCAT,Red Cat,2026-03-20,13.25,222.7
RCAT,Red Cat,2026-03-23,15.15,254.6
RCAT,Red Cat,2026-03-24,16.08,270.3
RCAT,Red Cat,2026-03-25,15.87,266.7
RCAT,Red Cat,2026-03-26,14.0,235.3
RCAT,Red Cat,2026-03-27,12.68,213.1
RCAT,Red Cat,2026-03-30,11.59,194.8
RCAT,Red Cat,2026-03-31,13.09,220.0
RCAT,Red Cat,2026-04-01,12.15,204.2
RCAT,Red Cat,2026-04-02,12.94,217.5
RCAT,Red Cat,2026-04-06,13.06,219.5
RCAT,Red Cat,2026-04-07,12.08,203.0
RCAT,Red Cat,2026-04-08,13.04,219.2
RCAT,Red Cat,2026-04-09,11.93,200.5
RCAT,Red Cat,2026-04-10,12.37,207.9
RCAT,Red Cat,2026-04-13,12.9,216.8
RCAT,Red Cat,2026-04-14,12.64,212.4
RCAT,Red Cat,2026-04-15,13.03,219.0
RCAT,Red Cat,2026-04-16,13.71,230.4
RCAT,Red Cat,2026-04-17,12.72,213.8
RCAT,Red Cat,2026-04-20,12.6,211.7
RCAT,Red Cat,2026-04-21,12.57,211.3
RCAT,Red Cat,2026-04-22,13.55,227.7
RCAT,Red Cat,2026-04-23,12.54,210.8
RCAT,Red Cat,2026-04-24,11.8,198.3
RCAT,Red Cat,2026-04-27,11.69,196.5
RCAT,Red Cat,2026-04-28,11.34,190.6
RCAT,Red Cat,2026-04-29,11.07,186.1
RCAT,Red Cat,2026-04-30,11.72,197.0
RCAT,Red Cat,2026-05-01,11.23,188.7
RCAT,Red Cat,2026-05-04,11.0,184.9
RCAT,Red Cat,2026-05-05,10.43,175.3
RCAT,Red Cat,2026-05-06,10.62,178.5
RCAT,Red Cat,2026-05-07,10.36,174.1
RCAT,Red Cat,2026-05-08,10.37,174.3
RCAT,Red Cat,2026-05-11,11.25,189.1
RCAT,Red Cat,2026-05-12,11.03,185.4
RCAT,Red Cat,2026-05-13,9.4,158.0
RCAT,Red Cat,2026-05-14,9.74,163.7
RCAT,Red Cat,2026-05-15,9.49,159.5
RCAT,Red Cat,2026-05-18,8.93,150.1
RCAT,Red Cat,2026-05-19,8.55,143.7
RCAT,Red Cat,2026-05-20,8.94,150.3
RCAT,Red Cat,2026-05-21,9.03,151.8
RCAT,Red Cat,2026-05-22,9.41,158.2
RCAT,Red Cat,2026-05-26,9.77,164.2
RCAT,Red Cat,2026-05-27,10.67,179.3
RCAT,Red Cat,2026-05-28,14.15,237.8
RCAT,Red Cat,2026-05-29,14.5,243.7
RCAT,Red Cat,2026-06-01,14.84,249.4
RCAT,Red Cat,2026-06-02,14.95,251.3
RCAT,Red Cat,2026-06-03,13.79,231.8
RCAT,Red Cat,2026-06-04,14.74,247.7
RCAT,Red Cat,2026-06-05,12.68,213.1
RCAT,Red Cat,2026-06-08,12.46,209.4
RCAT,Red Cat,2026-06-09,11.49,193.2
RCAT,Red Cat,2026-06-10,10.9,183.1
RCAT,Red Cat,2026-06-11,12.01,201.8
RCAT,Red Cat,2026-06-12,11.18,187.9
RCAT,Red Cat,2026-06-15,11.97,201.2
RCAT,Red Cat,2026-06-16,10.9,183.2
RCAT,Red Cat,2026-06-17,11.2,188.2
RCAT,Red Cat,2026-06-18,11.44,192.3
RCAT,Red Cat,2026-06-22,10.63,178.7
RCAT,Red Cat,2026-06-23,10.18,171.1
RCAT,Red Cat,2026-06-24,9.34,157.0
RCAT,Red Cat,2026-06-25,8.91,149.7
RCAT,Red Cat,2026-06-26,9.28,156.0
RCAT,Red Cat,2026-06-29,10.32,173.4
RCAT,Red Cat,2026-06-30,10.65,179.0
RCAT,Red Cat,2026-07-01,10.55,177.3
RCAT,Red Cat,2026-07-02,10.44,175.5
RCAT,Red Cat,2026-07-06,10.11,169.9
RCAT,Red Cat,2026-07-07,9.23,155.1
RCAT,Red Cat,2026-07-08,9.17,154.1
RCAT,Red Cat,2026-07-09,9.19,154.5
RCAT,Red Cat,2026-07-10,8.83,148.4
RCAT,Red Cat,2026-07-13,8.38,140.8
RCAT,Red Cat,2026-07-14,8.79,147.7
RCAT,Red Cat,2026-07-15,8.24,138.5
RCAT,Red Cat,2026-07-16,7.67,128.9
RCAT,Red Cat,2026-07-17,7.64,128.4
RCAT,Red Cat,2026-07-20,7.76,130.4
RCAT,Red Cat,2026-07-21,8.59,144.4
RCAT,Red Cat,2026-07-22,7.83,131.6
RCAT,Red Cat,2026-07-23,8.03,135.0
RCAT,Red Cat,2026-07-24,7.64,128.4
RCAT,Red Cat,2026-07-27,7.79,130.9
RCAT,Red Cat,2026-07-28,7.45,125.2
RCAT,Red Cat,2026-07-29,6.77,113.8
RCAT,Red Cat,2026-07-30,7.38,124.0
RCAT,Red Cat,2026-07-31,7.53,126.6
RCAT,Red Cat,2026-08-03,8.26,138.8
RCAT,Red Cat,2026-08-04,8.86,148.9
RCAT,Red Cat,2026-08-05,8.66,145.5
RCAT,Red Cat,2026-08-06,8.67,145.7
RCAT,Red Cat,2026-08-07,9.21,154.8
RCAT,Red Cat,2026-08-10,10.0,168.1
RCAT,Red Cat,2026-08-11,10.66,179.2
RCAT,Red Cat,2026-08-12,10.32,173.4
RCAT,Red Cat,2026-08-13,10.23,171.9
RCAT,Red Cat,2026-08-14,11.13,187.1
RCAT,Red Cat,2026-08-17,10.44,175.5
RCAT,Red Cat,2026-08-18,10.2,171.5
RCAT,Red Cat,2026-08-19,9.89,166.2
RCAT,Red Cat,2026-08-20,9.53,160.2
RCAT,Red Cat,2026-08-21,9.62,161.7
RCAT,Red Cat,2026-08-24,8.93,150.1
RCAT,Red Cat,2026-08-25,9.1,152.9
RCAT,Red Cat,2026-08-26,8.93,150.1
RCAT,Red Cat,2026-08-27,9.28,156.0
RCAT,Red Cat,2026-08-28,8.49,142.7
RCAT,Red Cat,2026-08-31,8.59,144.4
RCAT,Red Cat,2026-09-01,8.25,138.7
RCAT,Red Cat,2026-09-02,8.32,139.8
RCAT,Red Cat,2026-09-03,8.54,143.5
RCAT,Red Cat,2026-09-04,8.37,140.7
RCAT,Red Cat,2026-09-08,8.69,146.1
RCAT,Red Cat,2026-09-09,8.13,136.6
RCAT,Red Cat,2026-09-10,8.08,135.8
RCAT,Red Cat,2026-09-11,7.96,133.8
RCAT,Red Cat,2026-09-14,7.8,131.1
RCAT,Red Cat,2026-09-15,7.97,133.9
RCAT,Red Cat,2026-09-16,7.09,119.2
RCAT,Red Cat,2026-09-17,7.09,119.2
RCAT,Red Cat,2026-09-18,6.75,113.4
RCAT,Red Cat,2026-09-21,6.95,116.8
RCAT,Red Cat,2026-09-22,6.94,116.6
RCAT,Red Cat,2026-09-23,6.59,110.8
RCAT,Red Cat,2026-09-24,6.8,114.3
RCAT,Red Cat,2026-09-25,6.66,111.9
RCAT,Red Cat,2026-09-28,6.5,109.2
RCAT,Red Cat,2026-09-29,6.45,108.4
RCAT,Red Cat,2026-09-30,6.46,108.6
RCAT,Red Cat,2026-10-01,6.33,106.4
RCAT,Red Cat,2026-10-02,6.4,107.6
RCAT,Red Cat,2026-10-05,6.34,106.6
RCAT,Red Cat,2026-10-06,6.34,106.6
RCAT,Red Cat,2026-10-07,6.15,103.4
UMAC,Unusual Machines,2025-05-30,4.96,100.0
UMAC,Unusual Machines,2025-06-02,5.52,111.3
UMAC,Unusual Machines,2025-06-03,6.58,132.7
UMAC,Unusual Machines,2025-06-04,7.33,147.8
UMAC,Unusual Machines,2025-06-05,6.52,131.5
UMAC,Unusual Machines,2025-06-06,7.42,149.6
UMAC,Unusual Machines,2025-06-09,9.18,185.1
UMAC,Unusual Machines,2025-06-10,8.95,180.4
UMAC,Unusual Machines,2025-06-11,7.98,160.9
UMAC,Unusual Machines,2025-06-12,8.24,166.1
UMAC,Unusual Machines,2025-06-13,8.45,170.4
UMAC,Unusual Machines,2025-06-16,10.26,206.9
UMAC,Unusual Machines,2025-06-17,9.39,189.3
UMAC,Unusual Machines,2025-06-18,9.01,181.7
UMAC,Unusual Machines,2025-06-20,8.22,165.7
UMAC,Unusual Machines,2025-06-23,8.16,164.5
UMAC,Unusual Machines,2025-06-24,8.19,165.1
UMAC,Unusual Machines,2025-06-25,7.59,153.0
UMAC,Unusual Machines,2025-06-26,8.2,165.3
UMAC,Unusual Machines,2025-06-27,7.91,159.5
UMAC,Unusual Machines,2025-06-30,8.57,172.8
UMAC,Unusual Machines,2025-07-01,7.97,160.7
UMAC,Unusual Machines,2025-07-02,8.12,163.7
UMAC,Unusual Machines,2025-07-03,8.73,176.0
UMAC,Unusual Machines,2025-07-07,7.95,160.3
UMAC,Unusual Machines,2025-07-08,7.99,161.1
UMAC,Unusual Machines,2025-07-09,8.1,163.3
UMAC,Unusual Machines,2025-07-10,8.69,175.2
UMAC,Unusual Machines,2025-07-11,12.12,244.4
UMAC,Unusual Machines,2025-07-14,11.6,233.9
UMAC,Unusual Machines,2025-07-15,11.23,226.4
UMAC,Unusual Machines,2025-07-16,12.3,248.0
UMAC,Unusual Machines,2025-07-17,11.85,238.9
UMAC,Unusual Machines,2025-07-18,10.87,219.2
UMAC,Unusual Machines,2025-07-21,10.01,201.8
UMAC,Unusual Machines,2025-07-22,10.25,206.7
UMAC,Unusual Machines,2025-07-23,10.69,215.5
UMAC,Unusual Machines,2025-07-24,11.37,229.2
UMAC,Unusual Machines,2025-07-25,10.94,220.6
UMAC,Unusual Machines,2025-07-28,10.15,204.6
UMAC,Unusual Machines,2025-07-29,9.29,187.3
UMAC,Unusual Machines,2025-07-30,9.4,189.5
UMAC,Unusual Machines,2025-07-31,9.24,186.3
UMAC,Unusual Machines,2025-08-01,8.84,178.2
UMAC,Unusual Machines,2025-08-04,9.68,195.2
UMAC,Unusual Machines,2025-08-05,10.46,210.9
UMAC,Unusual Machines,2025-08-06,9.91,199.8
UMAC,Unusual Machines,2025-08-07,9.59,193.3
UMAC,Unusual Machines,2025-08-08,10.09,203.4
UMAC,Unusual Machines,2025-08-11,9.96,200.8
UMAC,Unusual Machines,2025-08-12,10.61,213.9
UMAC,Unusual Machines,2025-08-13,10.48,211.3
UMAC,Unusual Machines,2025-08-14,9.86,198.8
UMAC,Unusual Machines,2025-08-15,9.88,199.2
UMAC,Unusual Machines,2025-08-18,10.05,202.6
UMAC,Unusual Machines,2025-08-19,9.75,196.6
UMAC,Unusual Machines,2025-08-20,9.62,194.0
UMAC,Unusual Machines,2025-08-21,10.51,211.9
UMAC,Unusual Machines,2025-08-22,11.07,223.2
UMAC,Unusual Machines,2025-08-25,11.55,232.9
UMAC,Unusual Machines,2025-08-26,10.76,216.9
UMAC,Unusual Machines,2025-08-27,10.23,206.2
UMAC,Unusual Machines,2025-08-28,10.17,205.0
UMAC,Unusual Machines,2025-08-29,9.6,193.5
UMAC,Unusual Machines,2025-09-02,9.16,184.7
UMAC,Unusual Machines,2025-09-03,9.02,181.9
UMAC,Unusual Machines,2025-09-04,9.27,186.9
UMAC,Unusual Machines,2025-09-05,9.56,192.7
UMAC,Unusual Machines,2025-09-08,10.02,202.0
UMAC,Unusual Machines,2025-09-09,9.66,194.8
UMAC,Unusual Machines,2025-09-10,9.95,200.6
UMAC,Unusual Machines,2025-09-11,10.59,213.5
UMAC,Unusual Machines,2025-09-12,10.5,211.7
UMAC,Unusual Machines,2025-09-15,10.95,220.8
UMAC,Unusual Machines,2025-09-16,11.64,234.7
UMAC,Unusual Machines,2025-09-17,11.43,230.4
UMAC,Unusual Machines,2025-09-18,11.11,224.0
UMAC,Unusual Machines,2025-09-19,13.1,264.1
UMAC,Unusual Machines,2025-09-22,14.35,289.3
UMAC,Unusual Machines,2025-09-23,14.0,282.3
UMAC,Unusual Machines,2025-09-24,13.4,270.2
UMAC,Unusual Machines,2025-09-25,13.11,264.3
UMAC,Unusual Machines,2025-09-26,12.91,260.3
UMAC,Unusual Machines,2025-09-29,13.8,278.2
UMAC,Unusual Machines,2025-09-30,15.1,304.4
UMAC,Unusual Machines,2025-10-01,14.86,299.6
UMAC,Unusual Machines,2025-10-02,14.97,301.8
UMAC,Unusual Machines,2025-10-03,16.38,330.2
UMAC,Unusual Machines,2025-10-06,16.21,326.8
UMAC,Unusual Machines,2025-10-07,15.99,322.4
UMAC,Unusual Machines,2025-10-08,15.64,315.3
UMAC,Unusual Machines,2025-10-09,15.25,307.5
UMAC,Unusual Machines,2025-10-10,13.37,269.6
UMAC,Unusual Machines,2025-10-13,14.32,288.7
UMAC,Unusual Machines,2025-10-14,15.21,306.7
UMAC,Unusual Machines,2025-10-15,14.26,287.5
UMAC,Unusual Machines,2025-10-16,12.75,257.1
UMAC,Unusual Machines,2025-10-17,12.34,248.8
UMAC,Unusual Machines,2025-10-20,12.76,257.3
UMAC,Unusual Machines,2025-10-21,12.47,251.4
UMAC,Unusual Machines,2025-10-22,11.67,235.3
UMAC,Unusual Machines,2025-10-23,11.88,239.5
UMAC,Unusual Machines,2025-10-24,12.84,258.9
UMAC,Unusual Machines,2025-10-27,15.13,305.0
UMAC,Unusual Machines,2025-10-28,14.01,282.5
UMAC,Unusual Machines,2025-10-29,15.9,320.6
UMAC,Unusual Machines,2025-10-30,15.06,303.6
UMAC,Unusual Machines,2025-10-31,14.97,301.8
UMAC,Unusual Machines,2025-11-03,13.46,271.4
UMAC,Unusual Machines,2025-11-04,12.08,243.5
UMAC,Unusual Machines,2025-11-05,11.91,240.1
UMAC,Unusual Machines,2025-11-06,10.75,216.7
UMAC,Unusual Machines,2025-11-07,10.59,213.5
UMAC,Unusual Machines,2025-11-10,11.48,231.5
UMAC,Unusual Machines,2025-11-11,10.86,219.0
UMAC,Unusual Machines,2025-11-12,10.73,216.3
UMAC,Unusual Machines,2025-11-13,9.65,194.6
UMAC,Unusual Machines,2025-11-14,9.35,188.5
UMAC,Unusual Machines,2025-11-17,8.58,173.0
UMAC,Unusual Machines,2025-11-18,9.05,182.5
UMAC,Unusual Machines,2025-11-19,8.69,175.2
UMAC,Unusual Machines,2025-11-20,7.76,156.5
UMAC,Unusual Machines,2025-11-21,7.88,158.9
UMAC,Unusual Machines,2025-11-24,8.49,171.2
UMAC,Unusual Machines,2025-11-25,8.41,169.6
UMAC,Unusual Machines,2025-11-26,8.51,171.6
UMAC,Unusual Machines,2025-11-28,8.75,176.4
UMAC,Unusual Machines,2025-12-01,8.45,170.4
UMAC,Unusual Machines,2025-12-02,9.0,181.5
UMAC,Unusual Machines,2025-12-03,10.31,207.9
UMAC,Unusual Machines,2025-12-04,10.94,220.6
UMAC,Unusual Machines,2025-12-05,10.67,215.1
UMAC,Unusual Machines,2025-12-08,11.09,223.6
UMAC,Unusual Machines,2025-12-09,11.3,227.8
UMAC,Unusual Machines,2025-12-10,10.52,212.1
UMAC,Unusual Machines,2025-12-11,10.88,219.4
UMAC,Unusual Machines,2025-12-12,10.02,202.0
UMAC,Unusual Machines,2025-12-15,9.09,183.3
UMAC,Unusual Machines,2025-12-16,9.3,187.5
UMAC,Unusual Machines,2025-12-17,8.69,175.2
UMAC,Unusual Machines,2025-12-18,8.86,178.6
UMAC,Unusual Machines,2025-12-19,9.85,198.6
UMAC,Unusual Machines,2025-12-22,11.91,240.1
UMAC,Unusual Machines,2025-12-23,13.01,262.3
UMAC,Unusual Machines,2025-12-24,13.07,263.5
UMAC,Unusual Machines,2025-12-26,12.21,246.2
UMAC,Unusual Machines,2025-12-29,11.62,234.3
UMAC,Unusual Machines,2025-12-30,11.91,240.1
UMAC,Unusual Machines,2025-12-31,12.74,256.9
UMAC,Unusual Machines,2026-01-02,13.57,273.6
UMAC,Unusual Machines,2026-01-05,15.5,312.5
UMAC,Unusual Machines,2026-01-06,16.0,322.6
UMAC,Unusual Machines,2026-01-07,14.68,296.0
UMAC,Unusual Machines,2026-01-08,15.09,304.2
UMAC,Unusual Machines,2026-01-09,14.17,285.7
UMAC,Unusual Machines,2026-01-12,14.74,297.2
UMAC,Unusual Machines,2026-01-13,14.99,302.2
UMAC,Unusual Machines,2026-01-14,16.53,333.3
UMAC,Unusual Machines,2026-01-15,17.46,352.0
UMAC,Unusual Machines,2026-01-16,18.51,373.2
UMAC,Unusual Machines,2026-01-20,18.67,376.4
UMAC,Unusual Machines,2026-01-21,16.95,341.7
UMAC,Unusual Machines,2026-01-22,18.3,369.0
UMAC,Unusual Machines,2026-01-23,16.7,336.7
UMAC,Unusual Machines,2026-01-26,15.23,307.1
UMAC,Unusual Machines,2026-01-27,16.29,328.4
UMAC,Unusual Machines,2026-01-28,16.25,327.6
UMAC,Unusual Machines,2026-01-29,15.28,308.1
UMAC,Unusual Machines,2026-01-30,13.85,279.2
UMAC,Unusual Machines,2026-02-02,13.59,274.0
UMAC,Unusual Machines,2026-02-03,15.41,310.7
UMAC,Unusual Machines,2026-02-04,12.73,256.7
UMAC,Unusual Machines,2026-02-05,11.09,223.6
UMAC,Unusual Machines,2026-02-06,12.77,257.5
UMAC,Unusual Machines,2026-02-09,13.93,280.8
UMAC,Unusual Machines,2026-02-10,12.6,254.0
UMAC,Unusual Machines,2026-02-11,12.07,243.3
UMAC,Unusual Machines,2026-02-12,11.86,239.1
UMAC,Unusual Machines,2026-02-13,11.92,240.3
UMAC,Unusual Machines,2026-02-17,12.14,244.8
UMAC,Unusual Machines,2026-02-18,13.4,270.2
UMAC,Unusual Machines,2026-02-19,14.46,291.5
UMAC,Unusual Machines,2026-02-20,13.44,271.0
UMAC,Unusual Machines,2026-02-23,13.81,278.4
UMAC,Unusual Machines,2026-02-24,13.31,268.3
UMAC,Unusual Machines,2026-02-25,13.44,271.0
UMAC,Unusual Machines,2026-02-26,13.76,277.4
UMAC,Unusual Machines,2026-02-27,13.65,275.2
UMAC,Unusual Machines,2026-03-02,14.21,286.5
UMAC,Unusual Machines,2026-03-03,13.87,279.6
UMAC,Unusual Machines,2026-03-04,14.68,296.0
UMAC,Unusual Machines,2026-03-05,15.26,307.7
UMAC,Unusual Machines,2026-03-06,16.45,331.7
UMAC,Unusual Machines,2026-03-09,17.28,348.4
UMAC,Unusual Machines,2026-03-10,18.5,373.0
UMAC,Unusual Machines,2026-03-11,19.84,400.0
UMAC,Unusual Machines,2026-03-12,22.15,446.6
UMAC,Unusual Machines,2026-03-13,20.4,411.3
UMAC,Unusual Machines,2026-03-16,18.61,375.2
UMAC,Unusual Machines,2026-03-17,20.91,421.6
UMAC,Unusual Machines,2026-03-18,20.11,405.4
UMAC,Unusual Machines,2026-03-19,18.6,375.0
UMAC,Unusual Machines,2026-03-20,14.87,299.8
UMAC,Unusual Machines,2026-03-23,15.99,322.4
UMAC,Unusual Machines,2026-03-24,15.09,304.2
UMAC,Unusual Machines,2026-03-25,14.86,299.6
UMAC,Unusual Machines,2026-03-26,13.44,271.0
UMAC,Unusual Machines,2026-03-27,11.78,237.5
UMAC,Unusual Machines,2026-03-30,11.1,223.8
UMAC,Unusual Machines,2026-03-31,12.4,250.0
UMAC,Unusual Machines,2026-04-01,12.34,248.8
UMAC,Unusual Machines,2026-04-02,13.6,274.2
UMAC,Unusual Machines,2026-04-06,13.71,276.4
UMAC,Unusual Machines,2026-04-07,13.15,265.1
UMAC,Unusual Machines,2026-04-08,12.85,259.1
UMAC,Unusual Machines,2026-04-09,12.41,250.2
UMAC,Unusual Machines,2026-04-10,13.7,276.2
UMAC,Unusual Machines,2026-04-13,14.0,282.3
UMAC,Unusual Machines,2026-04-14,13.99,282.1
UMAC,Unusual Machines,2026-04-15,15.42,310.9
UMAC,Unusual Machines,2026-04-16,15.91,320.8
UMAC,Unusual Machines,2026-04-17,14.09,284.1
UMAC,Unusual Machines,2026-04-20,15.44,311.3
UMAC,Unusual Machines,2026-04-21,15.37,309.9
UMAC,Unusual Machines,2026-04-22,16.45,331.7
UMAC,Unusual Machines,2026-04-23,16.13,325.2
UMAC,Unusual Machines,2026-04-24,14.65,295.4
UMAC,Unusual Machines,2026-04-27,14.82,298.8
UMAC,Unusual Machines,2026-04-28,14.49,292.1
UMAC,Unusual Machines,2026-04-29,13.74,277.0
UMAC,Unusual Machines,2026-04-30,14.59,294.2
UMAC,Unusual Machines,2026-05-01,14.19,286.1
UMAC,Unusual Machines,2026-05-04,13.81,278.4
UMAC,Unusual Machines,2026-05-05,13.59,274.0
UMAC,Unusual Machines,2026-05-06,14.26,287.5
UMAC,Unusual Machines,2026-05-07,13.5,272.2
UMAC,Unusual Machines,2026-05-08,13.42,270.6
UMAC,Unusual Machines,2026-05-11,15.34,309.3
UMAC,Unusual Machines,2026-05-12,14.12,284.7
UMAC,Unusual Machines,2026-05-13,14.97,301.8
UMAC,Unusual Machines,2026-05-14,16.93,341.3
UMAC,Unusual Machines,2026-05-15,16.2,326.6
UMAC,Unusual Machines,2026-05-18,14.45,291.3
UMAC,Unusual Machines,2026-05-19,13.66,275.4
UMAC,Unusual Machines,2026-05-20,14.37,289.7
UMAC,Unusual Machines,2026-05-21,14.8,298.4
UMAC,Unusual Machines,2026-05-22,16.78,338.3
UMAC,Unusual Machines,2026-05-26,17.28,348.4
UMAC,Unusual Machines,2026-05-27,18.83,379.6
UMAC,Unusual Machines,2026-05-28,29.6,596.8
UMAC,Unusual Machines,2026-05-29,31.78,640.7
UMAC,Unusual Machines,2026-06-01,28.88,582.3
UMAC,Unusual Machines,2026-06-02,33.42,673.8
UMAC,Unusual Machines,2026-06-03,28.86,581.9
UMAC,Unusual Machines,2026-06-04,32.3,651.2
UMAC,Unusual Machines,2026-06-05,26.7,538.3
UMAC,Unusual Machines,2026-06-08,25.85,521.2
UMAC,Unusual Machines,2026-06-09,23.9,481.9
UMAC,Unusual Machines,2026-06-10,22.85,460.7
UMAC,Unusual Machines,2026-06-11,25.72,518.5
UMAC,Unusual Machines,2026-06-12,24.43,492.5
UMAC,Unusual Machines,2026-06-15,24.73,498.6
UMAC,Unusual Machines,2026-06-16,25.2,508.1
UMAC,Unusual Machines,2026-06-17,24.45,492.9
UMAC,Unusual Machines,2026-06-18,24.98,503.6
UMAC,Unusual Machines,2026-06-22,22.57,455.0
UMAC,Unusual Machines,2026-06-23,21.51,433.7
UMAC,Unusual Machines,2026-06-24,19.52,393.5
UMAC,Unusual Machines,2026-06-25,18.81,379.2
UMAC,Unusual Machines,2026-06-26,19.1,385.1
UMAC,Unusual Machines,2026-06-29,19.23,387.7
UMAC,Unusual Machines,2026-06-30,22.3,449.6
UMAC,Unusual Machines,2026-07-01,23.22,468.1
UMAC,Unusual Machines,2026-07-02,22.08,445.2
UMAC,Unusual Machines,2026-07-06,21.65,436.5
UMAC,Unusual Machines,2026-07-07,20.05,404.2
UMAC,Unusual Machines,2026-07-08,20.62,415.7
UMAC,Unusual Machines,2026-07-09,20.73,417.9
UMAC,Unusual Machines,2026-07-10,18.81,379.2
UMAC,Unusual Machines,2026-07-13,17.22,347.2
UMAC,Unusual Machines,2026-07-14,18.68,376.6
UMAC,Unusual Machines,2026-07-15,18.52,373.4
UMAC,Unusual Machines,2026-07-16,16.64,335.5
UMAC,Unusual Machines,2026-07-17,16.93,341.3
UMAC,Unusual Machines,2026-07-20,17.38,350.4
UMAC,Unusual Machines,2026-07-21,19.53,393.8
UMAC,Unusual Machines,2026-07-22,19.67,396.6
UMAC,Unusual Machines,2026-07-23,21.52,433.9
UMAC,Unusual Machines,2026-07-24,19.36,390.3
UMAC,Unusual Machines,2026-07-27,20.6,415.3
UMAC,Unusual Machines,2026-07-28,19.92,401.6
UMAC,Unusual Machines,2026-07-29,17.26,348.0
UMAC,Unusual Machines,2026-07-30,20.51,413.5
UMAC,Unusual Machines,2026-07-31,21.16,426.6
UMAC,Unusual Machines,2026-08-03,23.08,465.3
UMAC,Unusual Machines,2026-08-04,26.67,537.7
UMAC,Unusual Machines,2026-08-05,25.73,518.7
UMAC,Unusual Machines,2026-08-06,24.23,488.5
UMAC,Unusual Machines,2026-08-07,26.11,526.4
UMAC,Unusual Machines,2026-08-10,27.14,547.2
UMAC,Unusual Machines,2026-08-11,25.97,523.6
UMAC,Unusual Machines,2026-08-12,27.03,545.0
UMAC,Unusual Machines,2026-08-13,27.24,549.2
UMAC,Unusual Machines,2026-08-14,34.06,686.7
UMAC,Unusual Machines,2026-08-17,30.15,607.9
UMAC,Unusual Machines,2026-08-18,30.58,616.5
UMAC,Unusual Machines,2026-08-19,28.3,570.6
UMAC,Unusual Machines,2026-08-20,25.98,523.8
UMAC,Unusual Machines,2026-08-21,27.43,553.0
UMAC,Unusual Machines,2026-08-24,24.57,495.4
UMAC,Unusual Machines,2026-08-25,24.35,490.9
UMAC,Unusual Machines,2026-08-26,23.89,481.7
UMAC,Unusual Machines,2026-08-27,26.3,530.2
UMAC,Unusual Machines,2026-08-28,23.98,483.5
UMAC,Unusual Machines,2026-08-31,23.67,477.2
UMAC,Unusual Machines,2026-09-01,22.65,456.7
UMAC,Unusual Machines,2026-09-02,23.55,474.8
UMAC,Unusual Machines,2026-09-03,24.51,494.2
UMAC,Unusual Machines,2026-09-04,23.76,479.0
UMAC,Unusual Machines,2026-09-08,25.98,523.8
UMAC,Unusual Machines,2026-09-09,24.32,490.3
UMAC,Unusual Machines,2026-09-10,23.53,474.4
UMAC,Unusual Machines,2026-09-11,22.95,462.7
UMAC,Unusual Machines,2026-09-14,22.66,456.9
UMAC,Unusual Machines,2026-09-15,23.03,464.3
UMAC,Unusual Machines,2026-09-16,22.01,443.8
UMAC,Unusual Machines,2026-09-17,23.88,481.5
UMAC,Unusual Machines,2026-09-18,23.18,467.3
UMAC,Unusual Machines,2026-09-21,24.25,488.9
UMAC,Unusual Machines,2026-09-22,24.03,484.5
UMAC,Unusual Machines,2026-09-23,22.69,457.5
UMAC,Unusual Machines,2026-09-24,23.93,482.5
UMAC,Unusual Machines,2026-09-25,24.05,484.9
UMAC,Unusual Machines,2026-09-28,23.96,483.1
UMAC,Unusual Machines,2026-09-29,24.94,502.8
UMAC,Unusual Machines,2026-09-30,24.48,493.5
UMAC,Unusual Machines,2026-10-01,21.78,439.1
UMAC,Unusual Machines,2026-10-02,22.37,451.0
UMAC,Unusual Machines,2026-10-05,21.83,440.1
UMAC,Unusual Machines,2026-10-06,22.36,450.8
UMAC,Unusual Machines,2026-10-07,21.88,441.1
LMT,Lockheed Martin,2025-05-30,482.38,100.0
LMT,Lockheed Martin,2025-06-02,478.82,99.3
LMT,Lockheed Martin,2025-06-03,480.17,99.5
LMT,Lockheed Martin,2025-06-04,482.21,100.0
LMT,Lockheed Martin,2025-06-05,478.03,99.1
LMT,Lockheed Martin,2025-06-06,481.69,99.9
LMT,Lockheed Martin,2025-06-09,480.83,99.7
LMT,Lockheed Martin,2025-06-10,476.9,98.9
LMT,Lockheed Martin,2025-06-11,456.6,94.7
LMT,Lockheed Martin,2025-06-12,469.27,97.3
LMT,Lockheed Martin,2025-06-13,486.45,100.8
LMT,Lockheed Martin,2025-06-16,467.06,96.8
LMT,Lockheed Martin,2025-06-17,479.34,99.4
LMT,Lockheed Martin,2025-06-18,468.6,97.1
LMT,Lockheed Martin,2025-06-20,470.56,97.5
LMT,Lockheed Martin,2025-06-23,472.46,97.9
LMT,Lockheed Martin,2025-06-24,460.2,95.4
LMT,Lockheed Martin,2025-06-25,458.39,95.0
LMT,Lockheed Martin,2025-06-26,457.9,94.9
LMT,Lockheed Martin,2025-06-27,458.59,95.1
LMT,Lockheed Martin,2025-06-30,463.14,96.0
LMT,Lockheed Martin,2025-07-01,465.94,96.6
LMT,Lockheed Martin,2025-07-02,462.55,95.9
LMT,Lockheed Martin,2025-07-03,462.52,95.9
LMT,Lockheed Martin,2025-07-07,469.06,97.2
LMT,Lockheed Martin,2025-07-08,463.01,96.0
LMT,Lockheed Martin,2025-07-09,463.06,96.0
LMT,Lockheed Martin,2025-07-10,464.31,96.3
LMT,Lockheed Martin,2025-07-11,467.51,96.9
LMT,Lockheed Martin,2025-07-14,473.57,98.2
LMT,Lockheed Martin,2025-07-15,470.12,97.5
LMT,Lockheed Martin,2025-07-16,471.47,97.7
LMT,Lockheed Martin,2025-07-17,469.2,97.3
LMT,Lockheed Martin,2025-07-18,463.96,96.2
LMT,Lockheed Martin,2025-07-21,460.53,95.5
LMT,Lockheed Martin,2025-07-22,410.74,85.1
LMT,Lockheed Martin,2025-07-23,419.39,86.9
LMT,Lockheed Martin,2025-07-24,420.55,87.2
LMT,Lockheed Martin,2025-07-25,421.17,87.3
LMT,Lockheed Martin,2025-07-28,421.34,87.3
LMT,Lockheed Martin,2025-07-29,420.13,87.1
LMT,Lockheed Martin,2025-07-30,418.68,86.8
LMT,Lockheed Martin,2025-07-31,420.98,87.3
LMT,Lockheed Martin,2025-08-01,421.01,87.3
LMT,Lockheed Martin,2025-08-04,423.7,87.8
LMT,Lockheed Martin,2025-08-05,428.24,88.8
LMT,Lockheed Martin,2025-08-06,434.85,90.1
LMT,Lockheed Martin,2025-08-07,430.75,89.3
LMT,Lockheed Martin,2025-08-08,425.63,88.2
LMT,Lockheed Martin,2025-08-11,426.26,88.4
LMT,Lockheed Martin,2025-08-12,431.56,89.5
LMT,Lockheed Martin,2025-08-13,442.57,91.7
LMT,Lockheed Martin,2025-08-14,437.32,90.7
LMT,Lockheed Martin,2025-08-15,437.56,90.7
LMT,Lockheed Martin,2025-08-18,440.64,91.3
LMT,Lockheed Martin,2025-08-19,441.1,91.4
LMT,Lockheed Martin,2025-08-20,446.0,92.5
LMT,Lockheed Martin,2025-08-21,447.2,92.7
LMT,Lockheed Martin,2025-08-22,446.2,92.5
LMT,Lockheed Martin,2025-08-25,447.72,92.8
LMT,Lockheed Martin,2025-08-26,455.46,94.4
LMT,Lockheed Martin,2025-08-27,454.47,94.2
LMT,Lockheed Martin,2025-08-28,456.18,94.6
LMT,Lockheed Martin,2025-08-29,455.63,94.5
LMT,Lockheed Martin,2025-09-02,452.5,93.8
LMT,Lockheed Martin,2025-09-03,449.06,93.1
LMT,Lockheed Martin,2025-09-04,456.85,94.7
LMT,Lockheed Martin,2025-09-05,463.9,96.2
LMT,Lockheed Martin,2025-09-08,459.11,95.2
LMT,Lockheed Martin,2025-09-09,457.06,94.8
LMT,Lockheed Martin,2025-09-10,463.87,96.2
LMT,Lockheed Martin,2025-09-11,470.73,97.6
LMT,Lockheed Martin,2025-09-12,471.31,97.7
LMT,Lockheed Martin,2025-09-15,473.25,98.1
LMT,Lockheed Martin,2025-09-16,474.32,98.3
LMT,Lockheed Martin,2025-09-17,473.12,98.1
LMT,Lockheed Martin,2025-09-18,473.62,98.2
LMT,Lockheed Martin,2025-09-19,472.94,98.0
LMT,Lockheed Martin,2025-09-22,480.39,99.6
LMT,Lockheed Martin,2025-09-23,486.67,100.9
LMT,Lockheed Martin,2025-09-24,486.25,100.8
LMT,Lockheed Martin,2025-09-25,484.34,100.4
LMT,Lockheed Martin,2025-09-26,487.44,101.0
LMT,Lockheed Martin,2025-09-29,491.98,102.0
LMT,Lockheed Martin,2025-09-30,499.21,103.5
LMT,Lockheed Martin,2025-10-01,499.0,103.4
LMT,Lockheed Martin,2025-10-02,499.36,103.5
LMT,Lockheed Martin,2025-10-03,504.49,104.6
LMT,Lockheed Martin,2025-10-06,514.24,106.6
LMT,Lockheed Martin,2025-10-07,511.07,105.9
LMT,Lockheed Martin,2025-10-08,514.02,106.6
LMT,Lockheed Martin,2025-10-09,507.76,105.3
LMT,Lockheed Martin,2025-10-10,505.05,104.7
LMT,Lockheed Martin,2025-10-13,503.83,104.4
LMT,Lockheed Martin,2025-10-14,505.18,104.7
LMT,Lockheed Martin,2025-10-15,499.41,103.5
LMT,Lockheed Martin,2025-10-16,493.25,102.3
LMT,Lockheed Martin,2025-10-17,495.15,102.6
LMT,Lockheed Martin,2025-10-20,505.9,104.9
LMT,Lockheed Martin,2025-10-21,489.5,101.5
LMT,Lockheed Martin,2025-10-22,487.14,101.0
LMT,Lockheed Martin,2025-10-23,488.05,101.2
LMT,Lockheed Martin,2025-10-24,485.41,100.6
LMT,Lockheed Martin,2025-10-27,486.91,100.9
LMT,Lockheed Martin,2025-10-28,485.77,100.7
LMT,Lockheed Martin,2025-10-29,485.33,100.6
LMT,Lockheed Martin,2025-10-30,489.72,101.5
LMT,Lockheed Martin,2025-10-31,491.88,102.0
LMT,Lockheed Martin,2025-11-03,487.94,101.2
LMT,Lockheed Martin,2025-11-04,484.98,100.5
LMT,Lockheed Martin,2025-11-05,473.14,98.1
LMT,Lockheed Martin,2025-11-06,468.92,97.2
LMT,Lockheed Martin,2025-11-07,458.35,95.0
LMT,Lockheed Martin,2025-11-10,452.1,93.7
LMT,Lockheed Martin,2025-11-11,457.07,94.8
LMT,Lockheed Martin,2025-11-12,457.04,94.7
LMT,Lockheed Martin,2025-11-13,455.85,94.5
LMT,Lockheed Martin,2025-11-14,465.77,96.6
LMT,Lockheed Martin,2025-11-17,470.78,97.6
LMT,Lockheed Martin,2025-11-18,474.72,98.4
LMT,Lockheed Martin,2025-11-19,469.91,97.4
LMT,Lockheed Martin,2025-11-20,468.26,97.1
LMT,Lockheed Martin,2025-11-21,460.78,95.5
LMT,Lockheed Martin,2025-11-24,451.06,93.5
LMT,Lockheed Martin,2025-11-25,452.41,93.8
LMT,Lockheed Martin,2025-11-26,454.16,94.1
LMT,Lockheed Martin,2025-11-28,457.86,94.9
LMT,Lockheed Martin,2025-12-01,439.19,91.0
LMT,Lockheed Martin,2025-12-02,441.82,91.6
LMT,Lockheed Martin,2025-12-03,446.8,92.6
LMT,Lockheed Martin,2025-12-04,448.35,92.9
LMT,Lockheed Martin,2025-12-05,452.2,93.7
LMT,Lockheed Martin,2025-12-08,465.38,96.5
LMT,Lockheed Martin,2025-12-09,466.89,96.8
LMT,Lockheed Martin,2025-12-10,467.94,97.0
LMT,Lockheed Martin,2025-12-11,474.88,98.4
LMT,Lockheed Martin,2025-12-12,480.25,99.6
LMT,Lockheed Martin,2025-12-15,484.42,100.4
LMT,Lockheed Martin,2025-12-16,477.06,98.9
LMT,Lockheed Martin,2025-12-17,474.79,98.4
LMT,Lockheed Martin,2025-12-18,470.14,97.5
LMT,Lockheed Martin,2025-12-19,474.13,98.3
LMT,Lockheed Martin,2025-12-22,483.57,100.2
LMT,Lockheed Martin,2025-12-23,482.55,100.0
LMT,Lockheed Martin,2025-12-24,485.75,100.7
LMT,Lockheed Martin,2025-12-26,483.03,100.1
LMT,Lockheed Martin,2025-12-29,488.87,101.3
LMT,Lockheed Martin,2025-12-30,488.0,101.2
LMT,Lockheed Martin,2025-12-31,483.67,100.3
LMT,Lockheed Martin,2026-01-02,497.07,103.0
LMT,Lockheed Martin,2026-01-05,511.57,106.1
LMT,Lockheed Martin,2026-01-06,522.04,108.2
LMT,Lockheed Martin,2026-01-07,496.87,103.0
LMT,Lockheed Martin,2026-01-08,518.44,107.5
LMT,Lockheed Martin,2026-01-09,542.92,112.6
LMT,Lockheed Martin,2026-01-12,551.24,114.3
LMT,Lockheed Martin,2026-01-13,558.3,115.7
LMT,Lockheed Martin,2026-01-14,572.7,118.7
LMT,Lockheed Martin,2026-01-15,577.89,119.8
LMT,Lockheed Martin,2026-01-16,582.43,120.7
LMT,Lockheed Martin,2026-01-20,576.06,119.4
LMT,Lockheed Martin,2026-01-21,586.23,121.5
LMT,Lockheed Martin,2026-01-22,593.91,123.1
LMT,Lockheed Martin,2026-01-23,590.82,122.5
LMT,Lockheed Martin,2026-01-26,581.66,120.6
LMT,Lockheed Martin,2026-01-27,594.95,123.3
LMT,Lockheed Martin,2026-01-28,597.27,123.8
LMT,Lockheed Martin,2026-01-29,622.51,129.0
LMT,Lockheed Martin,2026-01-30,634.22,131.5
LMT,Lockheed Martin,2026-02-02,636.0,131.8
LMT,Lockheed Martin,2026-02-03,628.26,130.2
LMT,Lockheed Martin,2026-02-04,602.76,125.0
LMT,Lockheed Martin,2026-02-05,609.18,126.3
LMT,Lockheed Martin,2026-02-06,623.58,129.3
LMT,Lockheed Martin,2026-02-09,638.29,132.3
LMT,Lockheed Martin,2026-02-10,629.56,130.5
LMT,Lockheed Martin,2026-02-11,628.7,130.3
LMT,Lockheed Martin,2026-02-12,637.43,132.1
LMT,Lockheed Martin,2026-02-13,652.58,135.3
LMT,Lockheed Martin,2026-02-17,649.58,134.7
LMT,Lockheed Martin,2026-02-18,649.81,134.7
LMT,Lockheed Martin,2026-02-19,666.51,138.2
LMT,Lockheed Martin,2026-02-20,658.26,136.5
LMT,Lockheed Martin,2026-02-23,660.62,137.0
LMT,Lockheed Martin,2026-02-24,664.43,137.7
LMT,Lockheed Martin,2026-02-25,647.5,134.2
LMT,Lockheed Martin,2026-02-26,641.63,133.0
LMT,Lockheed Martin,2026-02-27,658.08,136.4
LMT,Lockheed Martin,2026-03-02,676.7,140.3
LMT,Lockheed Martin,2026-03-03,667.82,138.4
LMT,Lockheed Martin,2026-03-04,664.48,137.8
LMT,Lockheed Martin,2026-03-05,655.0,135.8
LMT,Lockheed Martin,2026-03-06,671.77,139.3
LMT,Lockheed Martin,2026-03-09,664.15,137.7
LMT,Lockheed Martin,2026-03-10,651.22,135.0
LMT,Lockheed Martin,2026-03-11,649.47,134.6
LMT,Lockheed Martin,2026-03-12,652.83,135.3
LMT,Lockheed Martin,2026-03-13,646.0,133.9
LMT,Lockheed Martin,2026-03-16,645.2,133.8
LMT,Lockheed Martin,2026-03-17,636.33,131.9
LMT,Lockheed Martin,2026-03-18,642.28,133.1
LMT,Lockheed Martin,2026-03-19,637.51,132.2
LMT,Lockheed Martin,2026-03-20,627.43,130.1
LMT,Lockheed Martin,2026-03-23,616.25,127.8
LMT,Lockheed Martin,2026-03-24,610.17,126.5
LMT,Lockheed Martin,2026-03-25,624.2,129.4
LMT,Lockheed Martin,2026-03-26,627.33,130.0
LMT,Lockheed Martin,2026-03-27,615.84,127.7
LMT,Lockheed Martin,2026-03-30,598.57,124.1
LMT,Lockheed Martin,2026-03-31,604.39,125.3
LMT,Lockheed Martin,2026-04-01,617.64,128.0
LMT,Lockheed Martin,2026-04-02,622.79,129.1
LMT,Lockheed Martin,2026-04-06,637.9,132.2
LMT,Lockheed Martin,2026-04-07,627.7,130.1
LMT,Lockheed Martin,2026-04-08,628.5,130.3
LMT,Lockheed Martin,2026-04-09,623.87,129.3
LMT,Lockheed Martin,2026-04-10,613.72,127.2
LMT,Lockheed Martin,2026-04-13,619.69,128.5
LMT,Lockheed Martin,2026-04-14,611.58,126.8
LMT,Lockheed Martin,2026-04-15,611.1,126.7
LMT,Lockheed Martin,2026-04-16,607.49,125.9
LMT,Lockheed Martin,2026-04-17,592.19,122.8
LMT,Lockheed Martin,2026-04-20,581.28,120.5
LMT,Lockheed Martin,2026-04-21,571.95,118.6
LMT,Lockheed Martin,2026-04-22,555.43,115.1
LMT,Lockheed Martin,2026-04-23,529.79,109.8
LMT,Lockheed Martin,2026-04-24,513.45,106.4
LMT,Lockheed Martin,2026-04-27,513.35,106.4
LMT,Lockheed Martin,2026-04-28,512.29,106.2
LMT,Lockheed Martin,2026-04-29,509.81,105.7
LMT,Lockheed Martin,2026-04-30,517.97,107.4
LMT,Lockheed Martin,2026-05-01,512.77,106.3
LMT,Lockheed Martin,2026-05-04,518.15,107.4
LMT,Lockheed Martin,2026-05-05,508.93,105.5
LMT,Lockheed Martin,2026-05-06,514.26,106.6
LMT,Lockheed Martin,2026-05-07,512.41,106.2
LMT,Lockheed Martin,2026-05-08,506.51,105.0
LMT,Lockheed Martin,2026-05-11,512.25,106.2
LMT,Lockheed Martin,2026-05-12,521.0,108.0
LMT,Lockheed Martin,2026-05-13,519.94,107.8
LMT,Lockheed Martin,2026-05-14,520.41,107.9
LMT,Lockheed Martin,2026-05-15,516.01,107.0
LMT,Lockheed Martin,2026-05-18,528.31,109.5
LMT,Lockheed Martin,2026-05-19,526.63,109.2
LMT,Lockheed Martin,2026-05-20,522.59,108.3
LMT,Lockheed Martin,2026-05-21,522.79,108.4
LMT,Lockheed Martin,2026-05-22,533.24,110.5
LMT,Lockheed Martin,2026-05-26,532.9,110.5
LMT,Lockheed Martin,2026-05-27,531.14,110.1
LMT,Lockheed Martin,2026-05-28,537.21,111.4
LMT,Lockheed Martin,2026-05-29,530.45,110.0
LMT,Lockheed Martin,2026-06-01,516.5,107.1
LMT,Lockheed Martin,2026-06-02,513.43,106.4
LMT,Lockheed Martin,2026-06-03,512.03,106.1
LMT,Lockheed Martin,2026-06-04,519.05,107.6
LMT,Lockheed Martin,2026-06-05,523.76,108.6
LMT,Lockheed Martin,2026-06-08,520.07,107.8
LMT,Lockheed Martin,2026-06-09,530.13,109.9
LMT,Lockheed Martin,2026-06-10,525.02,108.8
LMT,Lockheed Martin,2026-06-11,548.68,113.7
LMT,Lockheed Martin,2026-06-12,540.33,112.0
LMT,Lockheed Martin,2026-06-15,530.36,109.9
LMT,Lockheed Martin,2026-06-16,535.95,111.1
LMT,Lockheed Martin,2026-06-17,532.32,110.4
LMT,Lockheed Martin,2026-06-18,510.95,105.9
LMT,Lockheed Martin,2026-06-22,493.6,102.3
LMT,Lockheed Martin,2026-06-23,503.67,104.4
LMT,Lockheed Martin,2026-06-24,491.64,101.9
LMT,Lockheed Martin,2026-06-25,505.02,104.7
LMT,Lockheed Martin,2026-06-26,507.4,105.2
LMT,Lockheed Martin,2026-06-29,502.07,104.1
LMT,Lockheed Martin,2026-06-30,509.46,105.6
LMT,Lockheed Martin,2026-07-01,521.82,108.2
LMT,Lockheed Martin,2026-07-02,545.91,113.2
LMT,Lockheed Martin,2026-07-06,538.0,111.5
LMT,Lockheed Martin,2026-07-07,535.38,111.0
LMT,Lockheed Martin,2026-07-08,527.96,109.4
LMT,Lockheed Martin,2026-07-09,518.26,107.4
LMT,Lockheed Martin,2026-07-10,523.22,108.5
LMT,Lockheed Martin,2026-07-13,520.68,107.9
LMT,Lockheed Martin,2026-07-14,514.99,106.8
LMT,Lockheed Martin,2026-07-15,514.46,106.7
LMT,Lockheed Martin,2026-07-16,513.52,106.5
LMT,Lockheed Martin,2026-07-17,508.77,105.5
LMT,Lockheed Martin,2026-07-20,509.54,105.6
LMT,Lockheed Martin,2026-07-21,507.09,105.1
LMT,Lockheed Martin,2026-07-22,514.36,106.6
LMT,Lockheed Martin,2026-07-23,568.59,117.9
LMT,Lockheed Martin,2026-07-24,582.6,120.8
LMT,Lockheed Martin,2026-07-27,580.0,120.2
LMT,Lockheed Martin,2026-07-28,581.31,120.5
LMT,Lockheed Martin,2026-07-29,569.2,118.0
LMT,Lockheed Martin,2026-07-30,574.11,119.0
LMT,Lockheed Martin,2026-07-31,582.74,120.8
LMT,Lockheed Martin,2026-08-03,586.29,121.5
LMT,Lockheed Martin,2026-08-04,589.33,122.2
LMT,Lockheed Martin,2026-08-05,577.6,119.7
LMT,Lockheed Martin,2026-08-06,582.85,120.8
LMT,Lockheed Martin,2026-08-07,587.95,121.9
LMT,Lockheed Martin,2026-08-10,603.16,125.0
LMT,Lockheed Martin,2026-08-11,597.77,123.9
LMT,Lockheed Martin,2026-08-12,606.72,125.8
LMT,Lockheed Martin,2026-08-13,598.01,124.0
LMT,Lockheed Martin,2026-08-14,608.68,126.2
LMT,Lockheed Martin,2026-08-17,593.74,123.1
LMT,Lockheed Martin,2026-08-18,607.17,125.9
LMT,Lockheed Martin,2026-08-19,589.15,122.1
LMT,Lockheed Martin,2026-08-20,571.48,118.5
LMT,Lockheed Martin,2026-08-21,563.57,116.8
LMT,Lockheed Martin,2026-08-24,564.14,116.9
LMT,Lockheed Martin,2026-08-25,556.52,115.4
LMT,Lockheed Martin,2026-08-26,565.62,117.3
LMT,Lockheed Martin,2026-08-27,565.89,117.3
LMT,Lockheed Martin,2026-08-28,563.85,116.9
LMT,Lockheed Martin,2026-08-31,561.23,116.3
LMT,Lockheed Martin,2026-09-01,544.5,112.9
LMT,Lockheed Martin,2026-09-02,531.55,110.2
LMT,Lockheed Martin,2026-09-03,532.95,110.5
LMT,Lockheed Martin,2026-09-04,525.28,108.9
LMT,Lockheed Martin,2026-09-08,536.15,111.1
LMT,Lockheed Martin,2026-09-09,524.46,108.7
LMT,Lockheed Martin,2026-09-10,530.12,109.9
LMT,Lockheed Martin,2026-09-11,524.19,108.7
LMT,Lockheed Martin,2026-09-14,529.38,109.7
LMT,Lockheed Martin,2026-09-15,533.46,110.6
LMT,Lockheed Martin,2026-09-16,537.25,111.4
LMT,Lockheed Martin,2026-09-17,538.09,111.5
LMT,Lockheed Martin,2026-09-18,533.38,110.6
LMT,Lockheed Martin,2026-09-21,535.4,111.0
LMT,Lockheed Martin,2026-09-22,522.34,108.3
LMT,Lockheed Martin,2026-09-23,524.68,108.8
LMT,Lockheed Martin,2026-09-24,523.7,108.6
LMT,Lockheed Martin,2026-09-25,519.56,107.7
LMT,Lockheed Martin,2026-09-28,518.1,107.4
LMT,Lockheed Martin,2026-09-29,512.21,106.2
LMT,Lockheed Martin,2026-09-30,509.25,105.6
LMT,Lockheed Martin,2026-10-01,505.5,104.8
LMT,Lockheed Martin,2026-10-02,505.41,104.8
LMT,Lockheed Martin,2026-10-05,506.63,105.0
LMT,Lockheed Martin,2026-10-06,510.12,105.8
LMT,Lockheed Martin,2026-10-07,499.22,103.5
SPY,S&P 500 (SPY),2025-05-30,589.39,100.0
SPY,S&P 500 (SPY),2025-06-02,592.71,100.6
SPY,S&P 500 (SPY),2025-06-03,596.09,101.1
SPY,S&P 500 (SPY),2025-06-04,595.93,101.1
SPY,S&P 500 (SPY),2025-06-05,593.05,100.6
SPY,S&P 500 (SPY),2025-06-06,599.14,101.7
SPY,S&P 500 (SPY),2025-06-09,599.68,101.7
SPY,S&P 500 (SPY),2025-06-10,603.08,102.3
SPY,S&P 500 (SPY),2025-06-11,601.36,102.0
SPY,S&P 500 (SPY),2025-06-12,603.75,102.4
SPY,S&P 500 (SPY),2025-06-13,597.0,101.3
SPY,S&P 500 (SPY),2025-06-16,602.68,102.3
SPY,S&P 500 (SPY),2025-06-17,597.53,101.4
SPY,S&P 500 (SPY),2025-06-18,597.44,101.4
SPY,S&P 500 (SPY),2025-06-20,594.28,100.8
SPY,S&P 500 (SPY),2025-06-23,600.15,101.8
SPY,S&P 500 (SPY),2025-06-24,606.78,103.0
SPY,S&P 500 (SPY),2025-06-25,607.12,103.0
SPY,S&P 500 (SPY),2025-06-26,611.87,103.8
SPY,S&P 500 (SPY),2025-06-27,614.91,104.3
SPY,S&P 500 (SPY),2025-06-30,617.85,104.8
SPY,S&P 500 (SPY),2025-07-01,617.65,104.8
SPY,S&P 500 (SPY),2025-07-02,620.45,105.3
SPY,S&P 500 (SPY),2025-07-03,625.34,106.1
SPY,S&P 500 (SPY),2025-07-07,620.68,105.3
SPY,S&P 500 (SPY),2025-07-08,620.34,105.3
SPY,S&P 500 (SPY),2025-07-09,624.06,105.9
SPY,S&P 500 (SPY),2025-07-10,625.82,106.2
SPY,S&P 500 (SPY),2025-07-11,623.62,105.8
SPY,S&P 500 (SPY),2025-07-14,624.81,106.0
SPY,S&P 500 (SPY),2025-07-15,622.14,105.6
SPY,S&P 500 (SPY),2025-07-16,624.22,105.9
SPY,S&P 500 (SPY),2025-07-17,628.04,106.6
SPY,S&P 500 (SPY),2025-07-18,627.58,106.5
SPY,S&P 500 (SPY),2025-07-21,628.77,106.7
SPY,S&P 500 (SPY),2025-07-22,628.86,106.7
SPY,S&P 500 (SPY),2025-07-23,634.21,107.6
SPY,S&P 500 (SPY),2025-07-24,634.42,107.6
SPY,S&P 500 (SPY),2025-07-25,637.1,108.1
SPY,S&P 500 (SPY),2025-07-28,636.94,108.1
SPY,S&P 500 (SPY),2025-07-29,635.26,107.8
SPY,S&P 500 (SPY),2025-07-30,634.46,107.6
SPY,S&P 500 (SPY),2025-07-31,632.08,107.2
SPY,S&P 500 (SPY),2025-08-01,621.72,105.5
SPY,S&P 500 (SPY),2025-08-04,631.17,107.1
SPY,S&P 500 (SPY),2025-08-05,627.97,106.5
SPY,S&P 500 (SPY),2025-08-06,632.78,107.4
SPY,S&P 500 (SPY),2025-08-07,632.25,107.3
SPY,S&P 500 (SPY),2025-08-08,637.18,108.1
SPY,S&P 500 (SPY),2025-08-11,635.92,107.9
SPY,S&P 500 (SPY),2025-08-12,642.69,109.0
SPY,S&P 500 (SPY),2025-08-13,644.89,109.4
SPY,S&P 500 (SPY),2025-08-14,644.95,109.4
SPY,S&P 500 (SPY),2025-08-15,643.44,109.2
SPY,S&P 500 (SPY),2025-08-18,643.3,109.1
SPY,S&P 500 (SPY),2025-08-19,639.81,108.6
SPY,S&P 500 (SPY),2025-08-20,638.11,108.3
SPY,S&P 500 (SPY),2025-08-21,635.55,107.8
SPY,S&P 500 (SPY),2025-08-22,645.31,109.5
SPY,S&P 500 (SPY),2025-08-25,642.47,109.0
SPY,S&P 500 (SPY),2025-08-26,645.16,109.5
SPY,S&P 500 (SPY),2025-08-27,646.63,109.7
SPY,S&P 500 (SPY),2025-08-28,648.92,110.1
SPY,S&P 500 (SPY),2025-08-29,645.05,109.4
SPY,S&P 500 (SPY),2025-09-02,640.27,108.6
SPY,S&P 500 (SPY),2025-09-03,643.74,109.2
SPY,S&P 500 (SPY),2025-09-04,649.12,110.1
SPY,S&P 500 (SPY),2025-09-05,647.24,109.8
SPY,S&P 500 (SPY),2025-09-08,648.83,110.1
SPY,S&P 500 (SPY),2025-09-09,650.33,110.3
SPY,S&P 500 (SPY),2025-09-10,652.21,110.7
SPY,S&P 500 (SPY),2025-09-11,657.63,111.6
SPY,S&P 500 (SPY),2025-09-12,657.41,111.5
SPY,S&P 500 (SPY),2025-09-15,660.91,112.1
SPY,S&P 500 (SPY),2025-09-16,660.0,112.0
SPY,S&P 500 (SPY),2025-09-17,659.18,111.8
SPY,S&P 500 (SPY),2025-09-18,662.26,112.4
SPY,S&P 500 (SPY),2025-09-19,663.7,112.6
SPY,S&P 500 (SPY),2025-09-22,666.84,113.1
SPY,S&P 500 (SPY),2025-09-23,663.21,112.5
SPY,S&P 500 (SPY),2025-09-24,661.1,112.2
SPY,S&P 500 (SPY),2025-09-25,658.05,111.6
SPY,S&P 500 (SPY),2025-09-26,661.82,112.3
SPY,S&P 500 (SPY),2025-09-29,663.68,112.6
SPY,S&P 500 (SPY),2025-09-30,666.18,113.0
SPY,S&P 500 (SPY),2025-10-01,668.45,113.4
SPY,S&P 500 (SPY),2025-10-02,669.22,113.5
SPY,S&P 500 (SPY),2025-10-03,669.21,113.5
SPY,S&P 500 (SPY),2025-10-06,671.61,114.0
SPY,S&P 500 (SPY),2025-10-07,669.12,113.5
SPY,S&P 500 (SPY),2025-10-08,673.11,114.2
SPY,S&P 500 (SPY),2025-10-09,671.16,113.9
SPY,S&P 500 (SPY),2025-10-10,653.02,110.8
SPY,S&P 500 (SPY),2025-10-13,663.04,112.5
SPY,S&P 500 (SPY),2025-10-14,662.23,112.4
SPY,S&P 500 (SPY),2025-10-15,665.17,112.9
SPY,S&P 500 (SPY),2025-10-16,660.64,112.1
SPY,S&P 500 (SPY),2025-10-17,664.39,112.7
SPY,S&P 500 (SPY),2025-10-20,671.3,113.9
SPY,S&P 500 (SPY),2025-10-21,671.29,113.9
SPY,S&P 500 (SPY),2025-10-22,667.8,113.3
SPY,S&P 500 (SPY),2025-10-23,671.76,114.0
SPY,S&P 500 (SPY),2025-10-24,677.25,114.9
SPY,S&P 500 (SPY),2025-10-27,685.24,116.3
SPY,S&P 500 (SPY),2025-10-28,687.06,116.6
SPY,S&P 500 (SPY),2025-10-29,687.39,116.6
SPY,S&P 500 (SPY),2025-10-30,679.83,115.3
SPY,S&P 500 (SPY),2025-10-31,682.06,115.7
SPY,S&P 500 (SPY),2025-11-03,683.34,115.9
SPY,S&P 500 (SPY),2025-11-04,675.24,114.6
SPY,S&P 500 (SPY),2025-11-05,677.58,115.0
SPY,S&P 500 (SPY),2025-11-06,670.31,113.7
SPY,S&P 500 (SPY),2025-11-07,670.97,113.8
SPY,S&P 500 (SPY),2025-11-10,681.44,115.6
SPY,S&P 500 (SPY),2025-11-11,683.0,115.9
SPY,S&P 500 (SPY),2025-11-12,683.38,115.9
SPY,S&P 500 (SPY),2025-11-13,672.04,114.0
SPY,S&P 500 (SPY),2025-11-14,671.93,114.0
SPY,S&P 500 (SPY),2025-11-17,665.67,112.9
SPY,S&P 500 (SPY),2025-11-18,660.08,112.0
SPY,S&P 500 (SPY),2025-11-19,662.63,112.4
SPY,S&P 500 (SPY),2025-11-20,652.53,110.7
SPY,S&P 500 (SPY),2025-11-21,659.03,111.8
SPY,S&P 500 (SPY),2025-11-24,668.73,113.5
SPY,S&P 500 (SPY),2025-11-25,675.02,114.5
SPY,S&P 500 (SPY),2025-11-26,679.68,115.3
SPY,S&P 500 (SPY),2025-11-28,683.39,115.9
SPY,S&P 500 (SPY),2025-12-01,680.27,115.4
SPY,S&P 500 (SPY),2025-12-02,681.53,115.6
SPY,S&P 500 (SPY),2025-12-03,683.89,116.0
SPY,S&P 500 (SPY),2025-12-04,684.39,116.1
SPY,S&P 500 (SPY),2025-12-05,685.69,116.3
SPY,S&P 500 (SPY),2025-12-08,683.63,116.0
SPY,S&P 500 (SPY),2025-12-09,683.04,115.9
SPY,S&P 500 (SPY),2025-12-10,687.57,116.7
SPY,S&P 500 (SPY),2025-12-11,689.17,116.9
SPY,S&P 500 (SPY),2025-12-12,681.76,115.7
SPY,S&P 500 (SPY),2025-12-15,680.73,115.5
SPY,S&P 500 (SPY),2025-12-16,678.87,115.2
SPY,S&P 500 (SPY),2025-12-17,671.4,113.9
SPY,S&P 500 (SPY),2025-12-18,676.47,114.8
SPY,S&P 500 (SPY),2025-12-19,680.59,115.5
SPY,S&P 500 (SPY),2025-12-22,684.83,116.2
SPY,S&P 500 (SPY),2025-12-23,687.96,116.7
SPY,S&P 500 (SPY),2025-12-24,690.38,117.1
SPY,S&P 500 (SPY),2025-12-26,690.31,117.1
SPY,S&P 500 (SPY),2025-12-29,687.85,116.7
SPY,S&P 500 (SPY),2025-12-30,687.01,116.6
SPY,S&P 500 (SPY),2025-12-31,681.92,115.7
SPY,S&P 500 (SPY),2026-01-02,683.17,115.9
SPY,S&P 500 (SPY),2026-01-05,687.72,116.7
SPY,S&P 500 (SPY),2026-01-06,691.81,117.4
SPY,S&P 500 (SPY),2026-01-07,689.58,117.0
SPY,S&P 500 (SPY),2026-01-08,689.51,117.0
SPY,S&P 500 (SPY),2026-01-09,694.07,117.8
SPY,S&P 500 (SPY),2026-01-12,695.16,117.9
SPY,S&P 500 (SPY),2026-01-13,693.77,117.7
SPY,S&P 500 (SPY),2026-01-14,690.36,117.1
SPY,S&P 500 (SPY),2026-01-15,692.24,117.5
SPY,S&P 500 (SPY),2026-01-16,691.66,117.4
SPY,S&P 500 (SPY),2026-01-20,677.58,115.0
SPY,S&P 500 (SPY),2026-01-21,685.4,116.3
SPY,S&P 500 (SPY),2026-01-22,688.98,116.9
SPY,S&P 500 (SPY),2026-01-23,689.23,116.9
SPY,S&P 500 (SPY),2026-01-26,692.73,117.5
SPY,S&P 500 (SPY),2026-01-27,695.49,118.0
SPY,S&P 500 (SPY),2026-01-28,695.42,118.0
SPY,S&P 500 (SPY),2026-01-29,694.04,117.8
SPY,S&P 500 (SPY),2026-01-30,691.97,117.4
SPY,S&P 500 (SPY),2026-02-02,695.41,118.0
SPY,S&P 500 (SPY),2026-02-03,689.53,117.0
SPY,S&P 500 (SPY),2026-02-04,686.19,116.4
SPY,S&P 500 (SPY),2026-02-05,677.62,115.0
SPY,S&P 500 (SPY),2026-02-06,690.62,117.2
SPY,S&P 500 (SPY),2026-02-09,693.95,117.7
SPY,S&P 500 (SPY),2026-02-10,692.12,117.4
SPY,S&P 500 (SPY),2026-02-11,691.96,117.4
SPY,S&P 500 (SPY),2026-02-12,681.27,115.6
SPY,S&P 500 (SPY),2026-02-13,681.75,115.7
SPY,S&P 500 (SPY),2026-02-17,682.85,115.9
SPY,S&P 500 (SPY),2026-02-18,686.29,116.4
SPY,S&P 500 (SPY),2026-02-19,684.48,116.1
SPY,S&P 500 (SPY),2026-02-20,689.43,117.0
SPY,S&P 500 (SPY),2026-02-23,682.39,115.8
SPY,S&P 500 (SPY),2026-02-24,687.35,116.6
SPY,S&P 500 (SPY),2026-02-25,693.15,117.6
SPY,S&P 500 (SPY),2026-02-26,689.3,117.0
SPY,S&P 500 (SPY),2026-02-27,685.99,116.4
SPY,S&P 500 (SPY),2026-03-02,686.38,116.5
SPY,S&P 500 (SPY),2026-03-03,680.33,115.4
SPY,S&P 500 (SPY),2026-03-04,685.13,116.2
SPY,S&P 500 (SPY),2026-03-05,681.31,115.6
SPY,S&P 500 (SPY),2026-03-06,672.38,114.1
SPY,S&P 500 (SPY),2026-03-09,678.27,115.1
SPY,S&P 500 (SPY),2026-03-10,677.18,114.9
SPY,S&P 500 (SPY),2026-03-11,676.33,114.8
SPY,S&P 500 (SPY),2026-03-12,666.06,113.0
SPY,S&P 500 (SPY),2026-03-13,662.29,112.4
SPY,S&P 500 (SPY),2026-03-16,669.03,113.5
SPY,S&P 500 (SPY),2026-03-17,670.79,113.8
SPY,S&P 500 (SPY),2026-03-18,661.43,112.2
SPY,S&P 500 (SPY),2026-03-19,659.8,111.9
SPY,S&P 500 (SPY),2026-03-20,648.57,110.0
SPY,S&P 500 (SPY),2026-03-23,655.38,111.2
SPY,S&P 500 (SPY),2026-03-24,653.18,110.8
SPY,S&P 500 (SPY),2026-03-25,656.82,111.4
SPY,S&P 500 (SPY),2026-03-26,645.09,109.5
SPY,S&P 500 (SPY),2026-03-27,634.09,107.6
SPY,S&P 500 (SPY),2026-03-30,631.97,107.2
SPY,S&P 500 (SPY),2026-03-31,650.34,110.3
SPY,S&P 500 (SPY),2026-04-01,655.24,111.2
SPY,S&P 500 (SPY),2026-04-02,655.83,111.3
SPY,S&P 500 (SPY),2026-04-06,658.93,111.8
SPY,S&P 500 (SPY),2026-04-07,659.22,111.8
SPY,S&P 500 (SPY),2026-04-08,676.01,114.7
SPY,S&P 500 (SPY),2026-04-09,679.91,115.4
SPY,S&P 500 (SPY),2026-04-10,679.46,115.3
SPY,S&P 500 (SPY),2026-04-13,686.1,116.4
SPY,S&P 500 (SPY),2026-04-14,694.46,117.8
SPY,S&P 500 (SPY),2026-04-15,699.94,118.8
SPY,S&P 500 (SPY),2026-04-16,701.66,119.0
SPY,S&P 500 (SPY),2026-04-17,710.14,120.5
SPY,S&P 500 (SPY),2026-04-20,708.72,120.2
SPY,S&P 500 (SPY),2026-04-21,704.08,119.5
SPY,S&P 500 (SPY),2026-04-22,711.21,120.7
SPY,S&P 500 (SPY),2026-04-23,708.45,120.2
SPY,S&P 500 (SPY),2026-04-24,713.94,121.1
SPY,S&P 500 (SPY),2026-04-27,715.17,121.3
SPY,S&P 500 (SPY),2026-04-28,711.69,120.8
SPY,S&P 500 (SPY),2026-04-29,711.58,120.7
SPY,S&P 500 (SPY),2026-04-30,718.66,121.9
SPY,S&P 500 (SPY),2026-05-01,720.65,122.3
SPY,S&P 500 (SPY),2026-05-04,718.01,121.8
SPY,S&P 500 (SPY),2026-05-05,723.77,122.8
SPY,S&P 500 (SPY),2026-05-06,733.83,124.5
SPY,S&P 500 (SPY),2026-05-07,731.58,124.1
SPY,S&P 500 (SPY),2026-05-08,737.62,125.1
SPY,S&P 500 (SPY),2026-05-11,739.3,125.4
SPY,S&P 500 (SPY),2026-05-12,738.18,125.2
SPY,S&P 500 (SPY),2026-05-13,742.31,125.9
SPY,S&P 500 (SPY),2026-05-14,748.17,126.9
SPY,S&P 500 (SPY),2026-05-15,739.17,125.4
SPY,S&P 500 (SPY),2026-05-18,738.65,125.3
SPY,S&P 500 (SPY),2026-05-19,733.73,124.5
SPY,S&P 500 (SPY),2026-05-20,741.25,125.8
SPY,S&P 500 (SPY),2026-05-21,742.72,126.0
SPY,S&P 500 (SPY),2026-05-22,745.64,126.5
SPY,S&P 500 (SPY),2026-05-26,750.59,127.4
SPY,S&P 500 (SPY),2026-05-27,750.46,127.3
SPY,S&P 500 (SPY),2026-05-28,754.6,128.0
SPY,S&P 500 (SPY),2026-05-29,756.48,128.3
SPY,S&P 500 (SPY),2026-06-01,758.54,128.7
SPY,S&P 500 (SPY),2026-06-02,759.57,128.9
SPY,S&P 500 (SPY),2026-06-03,754.24,128.0
SPY,S&P 500 (SPY),2026-06-04,757.09,128.5
SPY,S&P 500 (SPY),2026-06-05,737.55,125.1
SPY,S&P 500 (SPY),2026-06-08,739.22,125.4
SPY,S&P 500 (SPY),2026-06-09,737.05,125.1
SPY,S&P 500 (SPY),2026-06-10,725.43,123.1
SPY,S&P 500 (SPY),2026-06-11,737.76,125.2
SPY,S&P 500 (SPY),2026-06-12,741.75,125.9
SPY,S&P 500 (SPY),2026-06-15,754.83,128.1
SPY,S&P 500 (SPY),2026-06-16,750.33,127.3
SPY,S&P 500 (SPY),2026-06-17,740.96,125.7
SPY,S&P 500 (SPY),2026-06-18,746.74,126.7
SPY,S&P 500 (SPY),2026-06-22,744.39,126.3
SPY,S&P 500 (SPY),2026-06-23,733.58,124.5
SPY,S&P 500 (SPY),2026-06-24,733.24,124.4
SPY,S&P 500 (SPY),2026-06-25,734.3,124.6
SPY,S&P 500 (SPY),2026-06-26,728.99,123.7
SPY,S&P 500 (SPY),2026-06-29,741.0,125.7
SPY,S&P 500 (SPY),2026-06-30,746.77,126.7
SPY,S&P 500 (SPY),2026-07-01,745.76,126.5
SPY,S&P 500 (SPY),2026-07-02,744.78,126.4
SPY,S&P 500 (SPY),2026-07-06,751.28,127.5
SPY,S&P 500 (SPY),2026-07-07,747.71,126.9
SPY,S&P 500 (SPY),2026-07-08,745.4,126.5
SPY,S&P 500 (SPY),2026-07-09,751.71,127.5
SPY,S&P 500 (SPY),2026-07-10,754.95,128.1
SPY,S&P 500 (SPY),2026-07-13,749.17,127.1
SPY,S&P 500 (SPY),2026-07-14,751.83,127.6
SPY,S&P 500 (SPY),2026-07-15,754.81,128.1
SPY,S&P 500 (SPY),2026-07-16,750.72,127.4
SPY,S&P 500 (SPY),2026-07-17,743.29,126.1
SPY,S&P 500 (SPY),2026-07-20,742.09,125.9
SPY,S&P 500 (SPY),2026-07-21,748.28,127.0
SPY,S&P 500 (SPY),2026-07-22,747.41,126.8
SPY,S&P 500 (SPY),2026-07-23,738.18,125.2
SPY,S&P 500 (SPY),2026-07-24,738.93,125.4
SPY,S&P 500 (SPY),2026-07-27,739.09,125.4
SPY,S&P 500 (SPY),2026-07-28,740.86,125.7
SPY,S&P 500 (SPY),2026-07-29,729.46,123.8
SPY,S&P 500 (SPY),2026-07-30,741.69,125.8
SPY,S&P 500 (SPY),2026-07-31,747.03,126.7
SPY,S&P 500 (SPY),2026-08-03,757.67,128.6
SPY,S&P 500 (SPY),2026-08-04,771.33,130.9
SPY,S&P 500 (SPY),2026-08-05,769.79,130.6
SPY,S&P 500 (SPY),2026-08-06,768.56,130.4
SPY,S&P 500 (SPY),2026-08-07,773.26,131.2
SPY,S&P 500 (SPY),2026-08-10,773.03,131.2
SPY,S&P 500 (SPY),2026-08-11,770.56,130.7
SPY,S&P 500 (SPY),2026-08-12,772.49,131.1
SPY,S&P 500 (SPY),2026-08-13,777.88,132.0
SPY,S&P 500 (SPY),2026-08-14,776.34,131.7
SPY,S&P 500 (SPY),2026-08-17,772.67,131.1
SPY,S&P 500 (SPY),2026-08-18,767.45,130.2
SPY,S&P 500 (SPY),2026-08-19,769.06,130.5
SPY,S&P 500 (SPY),2026-08-20,762.6,129.4
SPY,S&P 500 (SPY),2026-08-21,765.72,129.9
SPY,S&P 500 (SPY),2026-08-24,763.47,129.5
SPY,S&P 500 (SPY),2026-08-25,765.91,129.9
SPY,S&P 500 (SPY),2026-08-26,766.08,130.0
SPY,S&P 500 (SPY),2026-08-27,771.1,130.8
SPY,S&P 500 (SPY),2026-08-28,769.35,130.5
SPY,S&P 500 (SPY),2026-08-31,767.05,130.1
SPY,S&P 500 (SPY),2026-09-01,761.78,129.2
SPY,S&P 500 (SPY),2026-09-02,765.16,129.8
SPY,S&P 500 (SPY),2026-09-03,773.17,131.2
SPY,S&P 500 (SPY),2026-09-04,770.19,130.7
SPY,S&P 500 (SPY),2026-09-08,765.96,130.0
SPY,S&P 500 (SPY),2026-09-09,762.4,129.4
SPY,S&P 500 (SPY),2026-09-10,757.83,128.6
SPY,S&P 500 (SPY),2026-09-11,764.29,129.7
SPY,S&P 500 (SPY),2026-09-14,760.88,129.1
SPY,S&P 500 (SPY),2026-09-15,757.39,128.5
SPY,S&P 500 (SPY),2026-09-16,754.05,127.9
SPY,S&P 500 (SPY),2026-09-17,762.6,129.4
SPY,S&P 500 (SPY),2026-09-18,761.69,129.2
SPY,S&P 500 (SPY),2026-09-21,773.5,131.2
SPY,S&P 500 (SPY),2026-09-22,773.38,131.2
SPY,S&P 500 (SPY),2026-09-23,767.81,130.3
SPY,S&P 500 (SPY),2026-09-24,767.18,130.2
SPY,S&P 500 (SPY),2026-09-25,771.35,130.9
SPY,S&P 500 (SPY),2026-09-28,765.61,129.9
SPY,S&P 500 (SPY),2026-09-29,764.2,129.7
SPY,S&P 500 (SPY),2026-09-30,762.63,129.4
SPY,S&P 500 (SPY),2026-10-01,763.99,129.6
SPY,S&P 500 (SPY),2026-10-02,769.64,130.6
SPY,S&P 500 (SPY),2026-10-05,774.83,131.5
SPY,S&P 500 (SPY),2026-10-06,779.09,132.2
SPY,S&P 500 (SPY),2026-10-07,777.22,131.9
