airline,ticker,region,hedged,period,next_hedged,next_period,currency,base_close,end_close,change_pct,low_close,low_date,low_pct,vs_market_pts,excluded,source,url
Lufthansa Group,LHA.DE,Europe,82,Q3–Q4 2026,just over 50%,2027,EUR,9.09,7.6,-16.4,7.11,2026-04-29,-21.7,-16.0,,"Q2 2026 results presentation, Aug 4, 2026; 2027 cover and hedge gain from the CFO on the Q2 call",https://investor-relations.lufthansagroup.com/fileadmin/downloads/en/charts-speeches/LH-QR-2026-2-charts.pdf
Ryanair,RYA.IR,Europe,80,Apr 2026–Mar 2027 (FY27),15%,FY28 (from Apr 2027),EUR,27.42,23.79,-13.2,22.0,2026-05-05,-19.8,-12.8,,"Q1 FY27 results, Jul 20, 2026",https://investor.ryanair.com/wp-content/uploads/2026/07/Q1-FY27-Ryanair-Results.pdf
easyJet,EZJ.L,Europe,79,Jul–Sep 2026 (Q4 FY26),62% / 37%,Oct 2026–Mar 2027 / Apr–Sep 2027,GBp,464.0,680.6,46.7,339.7,2026-05-19,-26.8,47.1,Takeover bids from Castlelake and Apollo in July 2026,"Q3 FY26 trading update, Jul 23, 2026",https://s203.q4cdn.com/522538739/files/doc_financials/2026/q3/FY26-Q3-RNS-vf.pdf
"IAG (British Airways, Iberia)",IAG.L,Europe,70,Jul–Dec 2026,about 40%,2027,GBp,423.7,441.2,4.1,342.3,2026-03-19,-19.2,4.5,,"H1 2026 results call, Jul 31, 2026 (CFO); gains from the H1 2026 report",https://www.iairgroup.com/press-releases/2026/iag-half-year-results-2026/
Air France-KLM,AF.PA,Europe,67,Full year 2026,40%,2027,EUR,12.3,11.35,-7.8,8.56,2026-03-31,-30.4,-7.4,,"Q2 2026 results, Jul 30, 2026",https://www.globenewswire.com/news-release/2026/07/30/3335784/0/en/air-france-klm-q2-2026-results.html
Delta Air Lines,DAL,US,0,2026,0%,2027,USD,65.7,84.09,28.0,57.94,2026-03-12,-11.8,15.7,,"Form 10-Q, quarter ended Jun 30, 2026",https://www.sec.gov/Archives/edgar/data/27904/000002790426000031/dal-20260630.htm
United Airlines,UAL,US,0,2026,0%,2027,USD,106.3,112.51,5.8,85.21,2026-03-30,-19.8,-6.5,,"Form 10-K for 2025, Feb 12, 2026",https://www.sec.gov/Archives/edgar/data/100517/000010051726000023/ual-20251231.htm
American Airlines,AAL,US,0,2026,0%,2027,USD,13.07,12.94,-1.0,10.18,2026-03-30,-22.1,-13.3,,"Form 10-Q, quarter ended Jun 30, 2026",https://www.sec.gov/Archives/edgar/data/6201/000000620126000052/aal-20260630.htm
Southwest Airlines,LUV,US,0,2026,0%,2027,USD,49.26,42.47,-13.8,36.29,2026-03-30,-26.3,-26.1,,"Form 10-Q, quarter ended Jun 30, 2026",https://www.sec.gov/Archives/edgar/data/92380/000009238026000077/luv-20260630.htm
Alaska Air Group,ALK,US,0,2026,0%,2027,USD,51.6,39.53,-23.4,34.19,2026-03-30,-33.7,-35.7,,"Form 10-K for 2025, Feb 12, 2026",https://www.sec.gov/Archives/edgar/data/766421/000076642126000010/alk-20251231.htm
