cc,country,petrol_l,diesel_l,kwh,kwh_period,petrol,diesel,hybrid,ev_home,breakeven_kwh,breakeven_kwh_prewar,petrol_change_pct,saving_year_home
NL,Netherlands,2.432,2.506,0.244,2026-S1,15.81,13.78,12.16,4.39,0.878,0.744,18.0,1712
DK,Denmark,2.605,2.488,0.331,2025-S2,16.93,13.69,13.02,5.96,0.941,0.7,34.4,1645
FI,Finland,2.37,2.553,0.269,2026-S1,15.41,14.04,11.85,4.85,0.856,0.618,38.4,1583
GR,Greece,2.203,2.166,0.24,2026-S1,14.32,11.91,11.01,4.32,0.796,0.628,26.8,1500
FR,France,2.212,2.355,0.248,2026-S1,14.38,12.96,11.06,4.47,0.799,0.618,29.3,1485
PT,Portugal,2.081,2.155,0.237,2026-S1,13.53,11.85,10.4,4.26,0.751,0.609,23.4,1390
HU,Hungary,1.726,1.928,0.114,2026-S1,11.22,10.6,8.63,2.05,0.623,0.528,18.1,1375
LT,Lithuania,1.938,2.241,0.196,2025-S2,12.6,12.32,9.69,3.52,0.7,0.526,33.0,1362
EE,Estonia,1.945,2.096,0.212,2026-S1,12.64,11.53,9.72,3.81,0.702,0.525,33.9,1325
HR,Croatia,1.826,1.984,0.182,2026-S1,11.87,10.91,9.13,3.27,0.66,0.531,24.2,1291
SK,Slovakia,1.845,1.972,0.199,2026-S1,11.99,10.85,9.22,3.57,0.666,0.532,25.2,1263
BG,Bulgaria,1.663,1.893,0.134,2026-S1,10.81,10.41,8.31,2.41,0.6,0.44,36.5,1259
LV,Latvia,1.962,2.12,0.245,2025-S2,12.76,11.66,9.81,4.41,0.709,0.553,28.1,1251
LU,Luxembourg,1.837,2.057,0.202,2026-S1,11.94,11.31,9.18,3.64,0.663,0.526,26.1,1245
IT,Italy,2.073,2.273,0.297,2025-S2,13.47,12.5,10.36,5.34,0.748,0.597,25.3,1220
DE,Germany,2.196,2.254,0.362,2026-S1,14.27,12.4,10.98,6.51,0.793,0.659,20.4,1164
SI,Slovenia,1.763,1.981,0.212,2026-S1,11.46,10.9,8.82,3.81,0.637,0.513,24.2,1147
ES,Spain,1.849,1.918,0.251,2026-S1,12.02,10.55,9.25,4.52,0.668,0.531,25.7,1125
RO,Romania,1.886,2.05,0.284,2026-S1,12.26,11.27,9.43,5.1,0.681,0.558,22.0,1073
CZ,Czechia,1.847,1.952,0.288,2026-S1,12.0,10.74,9.23,5.19,0.667,0.495,34.6,1022
CY,Cyprus,1.744,2.03,0.269,2026-S1,11.33,11.16,8.72,4.84,0.63,0.474,32.9,974
MT,Malta,1.34,1.21,0.127,2026-S1,8.71,6.65,6.7,2.28,0.484,0.484,0.0,964
BE,Belgium,1.959,2.349,0.357,2026-S1,12.73,12.92,9.79,6.43,0.707,0.543,30.2,944
AT,Austria,1.837,2.138,0.326,2026-S1,11.94,11.76,9.18,5.87,0.663,0.545,21.7,911
IE,Ireland,1.983,2.164,0.404,2025-S2,12.89,11.9,9.91,7.28,0.716,0.628,14.0,842
SE,Sweden,1.589,2.118,0.306,2026-S1,10.33,11.65,7.95,5.51,0.574,0.518,10.9,723
PL,Poland,1.52,1.764,0.3,2026-S1,9.88,9.7,7.6,5.4,0.549,0.497,10.4,672
