date,petrol_l,diesel_l,kwh,petrol,diesel,hybrid,ev
2025-01-06,1.671,1.594,0.298,10.86,8.77,8.36,5.37
2025-01-13,1.679,1.607,0.298,10.91,8.84,8.39,5.37
2025-01-20,1.701,1.639,0.298,11.05,9.02,8.5,5.37
2025-01-27,1.702,1.637,0.298,11.06,9.01,8.51,5.37
2025-02-03,1.697,1.626,0.293,11.03,8.94,8.49,5.28
2025-02-10,1.705,1.628,0.293,11.08,8.95,8.52,5.28
2025-02-17,1.706,1.632,0.293,11.09,8.97,8.53,5.28
2025-02-24,1.702,1.631,0.293,11.07,8.97,8.51,5.28
2025-03-03,1.689,1.618,0.29,10.98,8.9,8.45,5.22
2025-03-10,1.661,1.594,0.29,10.8,8.77,8.3,5.22
2025-03-17,1.645,1.572,0.29,10.69,8.65,8.23,5.22
2025-03-24,1.64,1.563,0.29,10.66,8.6,8.2,5.22
2025-03-31,1.653,1.564,0.29,10.75,8.6,8.27,5.22
2025-04-07,1.648,1.553,0.283,10.71,8.54,8.24,5.09
2025-04-14,1.622,1.522,0.283,10.55,8.37,8.11,5.09
2025-04-21,1.615,1.506,0.283,10.49,8.29,8.07,5.09
2025-04-28,1.61,1.503,0.283,10.46,8.27,8.05,5.09
2025-05-05,1.602,1.493,0.282,10.42,8.21,8.01,5.08
2025-05-12,1.599,1.485,0.282,10.39,8.17,7.99,5.08
2025-05-19,1.604,1.489,0.282,10.42,8.19,8.02,5.08
2025-05-26,1.602,1.487,0.282,10.42,8.18,8.01,5.08
2025-06-02,1.599,1.481,0.281,10.4,8.15,8.0,5.06
2025-06-09,1.599,1.481,0.281,10.39,8.15,7.99,5.06
2025-06-16,1.616,1.5,0.281,10.5,8.25,8.08,5.06
2025-06-23,1.639,1.554,0.281,10.65,8.55,8.2,5.06
2025-06-30,1.633,1.556,0.281,10.61,8.56,8.16,5.06
2025-07-07,1.621,1.544,0.289,10.54,8.49,8.11,5.21
2025-07-14,1.622,1.559,0.289,10.54,8.58,8.11,5.21
2025-07-21,1.62,1.562,0.289,10.53,8.59,8.1,5.21
2025-07-28,1.614,1.558,0.289,10.49,8.57,8.07,5.21
2025-08-04,1.617,1.551,0.29,10.51,8.53,8.08,5.21
2025-08-11,1.612,1.539,0.29,10.48,8.46,8.06,5.21
2025-08-18,1.606,1.523,0.29,10.44,8.38,8.03,5.21
2025-08-25,1.61,1.522,0.29,10.46,8.37,8.05,5.21
2025-09-01,1.607,1.517,0.289,10.45,8.34,8.04,5.2
2025-09-08,1.616,1.526,0.289,10.5,8.39,8.08,5.2
2025-09-15,1.622,1.534,0.289,10.54,8.44,8.11,5.2
2025-09-22,1.623,1.535,0.289,10.55,8.44,8.11,5.2
2025-09-29,1.623,1.542,0.289,10.55,8.48,8.11,5.2
2025-10-06,1.62,1.538,0.289,10.53,8.46,8.1,5.21
2025-10-13,1.616,1.529,0.289,10.5,8.41,8.08,5.21
2025-10-20,1.608,1.511,0.289,10.46,8.31,8.04,5.21
2025-10-27,1.615,1.528,0.289,10.5,8.4,8.07,5.21
2025-11-03,1.619,1.548,0.29,10.53,8.52,8.1,5.22
2025-11-10,1.625,1.571,0.29,10.56,8.64,8.12,5.22
2025-11-17,1.639,1.587,0.29,10.65,8.73,8.2,5.22
2025-11-24,1.639,1.607,0.29,10.65,8.84,8.19,5.22
2025-12-01,1.629,1.589,0.291,10.59,8.74,8.14,5.23
2025-12-08,1.62,1.568,0.291,10.53,8.62,8.1,5.23
2025-12-15,1.605,1.548,0.291,10.43,8.51,8.03,5.23
2025-12-22,1.587,1.521,0.291,10.31,8.36,7.93,5.23
2025-12-29,1.586,1.522,0.291,10.31,8.37,7.93,5.23
2026-01-05,1.605,1.545,0.293,10.43,8.5,8.02,5.28
2026-01-12,1.605,1.553,0.293,10.43,8.54,8.02,5.28
2026-01-19,1.611,1.562,0.293,10.47,8.59,8.06,5.28
2026-01-26,1.615,1.572,0.293,10.5,8.65,8.08,5.28
2026-02-02,1.622,1.583,0.293,10.54,8.7,8.11,5.27
2026-02-09,1.623,1.585,0.293,10.55,8.72,8.12,5.27
2026-02-16,1.632,1.59,0.293,10.61,8.74,8.16,5.27
2026-02-23,1.637,1.594,0.293,10.64,8.77,8.19,5.27
2026-03-02,1.665,1.629,0.29,10.82,8.96,8.32,5.21
2026-03-09,1.774,1.861,0.29,11.53,10.24,8.87,5.21
2026-03-16,1.838,1.949,0.29,11.95,10.72,9.19,5.21
2026-03-23,1.893,2.064,0.29,12.31,11.35,9.47,5.21
2026-03-30,1.872,2.076,0.29,12.16,11.42,9.36,5.21
2026-04-06,1.879,2.112,0.286,12.21,11.62,9.39,5.14
2026-04-13,1.854,2.1,0.286,12.05,11.55,9.27,5.14
2026-04-20,1.827,2.008,0.286,11.88,11.04,9.14,5.14
2026-04-27,1.842,1.974,0.286,11.97,10.86,9.21,5.14
2026-05-04,1.861,1.975,0.286,12.1,10.86,9.31,5.14
2026-05-11,1.874,1.93,0.286,12.18,10.61,9.37,5.14
2026-05-18,1.882,1.901,0.286,12.23,10.46,9.41,5.14
2026-05-25,1.9,1.901,0.286,12.35,10.45,9.5,5.14
2026-06-01,1.848,1.844,0.291,12.01,10.14,9.24,5.25
2026-06-08,1.82,1.829,0.291,11.83,10.06,9.1,5.25
2026-06-15,1.805,1.804,0.291,11.73,9.92,9.02,5.25
2026-06-22,1.761,1.73,0.291,11.45,9.52,8.81,5.25
2026-06-29,1.757,1.716,0.291,11.42,9.44,8.78,5.25
2026-07-06,1.814,1.766,0.294,11.79,9.71,9.07,5.29
2026-07-13,1.851,1.823,0.294,12.03,10.03,9.26,5.29
2026-07-20,1.908,1.926,0.294,12.4,10.6,9.54,5.29
2026-07-27,1.94,2.009,0.294,12.61,11.05,9.7,5.29
2026-08-03,1.953,2.044,0.296,12.69,11.24,9.76,5.33
2026-08-10,1.911,2.013,0.296,12.42,11.07,9.55,5.33
2026-08-17,1.924,2.033,0.296,12.5,11.18,9.62,5.33
2026-08-24,1.942,2.063,0.296,12.62,11.35,9.71,5.33
2026-08-31,1.95,2.039,0.296,12.67,11.22,9.75,5.33
2026-09-07,2.043,2.108,0.296,13.28,11.6,10.22,5.33
2026-09-14,2.063,2.159,0.296,13.41,11.87,10.32,5.33
2026-09-21,2.092,2.226,0.296,13.6,12.25,10.46,5.33
2026-09-28,2.104,2.237,0.296,13.67,12.3,10.52,5.33
2026-10-05,2.006,2.149,0.296,13.04,11.82,10.03,5.33
