date,diesel,gasoline
2026-01-05,3.477,2.796
2026-01-12,3.459,2.779
2026-01-19,3.53,2.806
2026-01-26,3.624,2.853
2026-02-02,3.681,2.867
2026-02-09,3.688,2.902
2026-02-16,3.711,2.924
2026-02-23,3.809,2.937
2026-03-02,3.897,3.015
2026-03-09,4.859,3.502
2026-03-16,5.071,3.72
2026-03-23,5.375,3.961
2026-03-30,5.401,3.99
2026-04-06,5.643,4.12
2026-04-13,5.608,4.123
2026-04-20,5.403,4.044
2026-04-27,5.351,4.123
2026-05-04,5.64,4.452
2026-05-11,5.639,4.5
2026-05-18,5.596,4.49
2026-05-25,5.523,4.475
2026-06-01,5.35,4.305
2026-06-08,5.21,4.146
2026-06-15,5.059,4.052
2026-06-22,4.832,3.914
2026-06-29,4.668,3.831
2026-07-06,4.578,3.777
2026-07-13,4.796,3.855
2026-07-20,5.134,4.001
2026-07-27,5.313,4.096
2026-08-03,5.348,4.079
2026-08-10,5.257,4.006
2026-08-17,5.454,4.049
2026-08-24,5.652,4.085
2026-08-31,5.599,4.071
2026-09-07,5.967,4.157
2026-09-14,6.285,4.319
2026-09-21,6.529,4.478
2026-09-28,6.382,4.465
2026-10-05,6.199,4.354
